Dataset,Model,class_ent,eq_num_attr,gravity,inst_to_attr,nr_attr,nr_bin,nr_class,nr_cor_attr,nr_inst,nr_norm,nr_outliers,ns_ratio,Processing Units Number,Model Capability,Solution Stochasticity,Loss Margin Behaviour,Input Distribution Modelling,Fitting Regime,MCC
5G_Slicing,AdaBoost,1.5436456851468592,8.714258368011482,1.6055471885243442,20293.0,23,20,3,0.0434782608695652,466739,16.0,14,4.640249830809991,300,9,3,3,1,2,1.0
5G_Slicing,Bagging,1.5436456851468592,8.714258368011482,1.6055471885243442,20293.0,23,20,3,0.0434782608695652,466739,16.0,14,4.640249830809991,46673850,8,3,1,1,2,1.0
5G_Slicing,BernoulliNB,1.5436456851468592,8.714258368011482,1.6055471885243442,20293.0,23,20,3,0.0434782608695652,466739,16.0,14,4.640249830809991,72,1,1,2,3,1,0.8753731841283968
5G_Slicing,DNN,1.5436456851468592,8.714258368011482,1.6055471885243442,20293.0,23,20,3,0.0434782608695652,466739,16.0,14,4.640249830809991,56,6,2,2,1,3,1.0
5G_Slicing,DT,1.5436456851468592,8.714258368011482,1.6055471885243442,20293.0,23,20,3,0.0434782608695652,466739,16.0,14,4.640249830809991,933477,5,1,1,1,2,1.0
5G_Slicing,ExtraTree,1.5436456851468592,8.714258368011482,1.6055471885243442,20293.0,23,20,3,0.0434782608695652,466739,16.0,14,4.640249830809991,933477,5,5,1,1,2,1.0
5G_Slicing,FT-Transformer,1.5436456851468592,8.714258368011482,1.6055471885243442,20293.0,23,20,3,0.0434782608695652,466739,16.0,14,4.640249830809991,384,7,2,2,1,3,1.0
5G_Slicing,GaussianNB,1.5436456851468592,8.714258368011482,1.6055471885243442,20293.0,23,20,3,0.0434782608695652,466739,16.0,14,4.640249830809991,141,1,1,2,3,1,0.7625032652257198
5G_Slicing,KNN,1.5436456851468592,8.714258368011482,1.6055471885243442,20293.0,23,20,3,0.0434782608695652,466739,16.0,14,4.640249830809991,253,4,1,1,2,1,1.0
5G_Slicing,LDA,1.5436456851468592,8.714258368011482,1.6055471885243442,20293.0,23,20,3,0.0434782608695652,466739,16.0,14,4.640249830809991,345,2,1,1,4,1,1.0
5G_Slicing,LR,1.5436456851468592,8.714258368011482,1.6055471885243442,20293.0,23,20,3,0.0434782608695652,466739,16.0,14,4.640249830809991,72,3,1,2,1,2,1.0
5G_Slicing,LightGBM_ExtraTrees,1.5436456851468592,8.714258368011482,1.6055471885243442,20293.0,23,20,3,0.0434782608695652,466739,16.0,14,4.640249830809991,12500,9,5,2,1,2,1.0
5G_Slicing,LightGBM_RF,1.5436456851468592,8.714258368011482,1.6055471885243442,20293.0,23,20,3,0.0434782608695652,466739,16.0,14,4.640249830809991,12500,9,4,2,1,2,1.0
5G_Slicing,LinearSVC,1.5436456851468592,8.714258368011482,1.6055471885243442,20293.0,23,20,3,0.0434782608695652,466739,16.0,14,4.640249830809991,72,3,1,4,1,2,1.0
5G_Slicing,MLP,1.5436456851468592,8.714258368011482,1.6055471885243442,20293.0,23,20,3,0.0434782608695652,466739,16.0,14,4.640249830809991,100,6,2,2,1,3,1.0
5G_Slicing,PassiveAggressive,1.5436456851468592,8.714258368011482,1.6055471885243442,20293.0,23,20,3,0.0434782608695652,466739,16.0,14,4.640249830809991,72,3,2,4,1,4,1.0
5G_Slicing,Perceptron,1.5436456851468592,8.714258368011482,1.6055471885243442,20293.0,23,20,3,0.0434782608695652,466739,16.0,14,4.640249830809991,72,3,2,5,1,4,1.0
5G_Slicing,QDA,1.5436456851468592,8.714258368011482,1.6055471885243442,20293.0,23,20,3,0.0434782608695652,466739,16.0,14,4.640249830809991,897,2,1,1,5,1,1.0
5G_Slicing,Ridge,1.5436456851468592,8.714258368011482,1.6055471885243442,20293.0,23,20,3,0.0434782608695652,466739,16.0,14,4.640249830809991,72,3,1,1,1,1,1.0
5G_Slicing,SGD,1.5436456851468592,8.714258368011482,1.6055471885243442,20293.0,23,20,3,0.0434782608695652,466739,16.0,14,4.640249830809991,72,3,2,4,1,3,1.0
5G_Slicing,TabICL,1.5436456851468592,8.714258368011482,1.6055471885243442,20293.0,23,20,3,0.0434782608695652,466739,16.0,14,4.640249830809991,27552258,10,2,2,1,5,1.0
5G_Slicing,TabNet,1.5436456851468592,8.714258368011482,1.6055471885243442,20293.0,23,20,3,0.0434782608695652,466739,16.0,14,4.640249830809991,128,7,2,2,1,3,1.0
5G_Slicing,TabPFN,1.5436456851468592,8.714258368011482,1.6055471885243442,20293.0,23,20,3,0.0434782608695652,466739,16.0,14,4.640249830809991,53153144,10,2,2,1,5,1.0
5G_Slicing,TabTransformer,1.5436456851468592,8.714258368011482,1.6055471885243442,20293.0,23,20,3,0.0434782608695652,466739,16.0,14,4.640249830809991,138,7,2,2,1,3,1.0
5G_Slicing,XGBoost,1.5436456851468592,8.714258368011482,1.6055471885243442,20293.0,23,20,3,0.0434782608695652,466739,16.0,14,4.640249830809991,12700,9,4,2,1,2,1.0
ASNM-CDX-2009,AdaBoost,0.0645960196718355,8.569846299866542,69479128195.3121,6.491563554555681,889,101,2,0.0665617811287102,5771,32.0,835,285.0146348038438,150,9,3,3,1,2,0.854941573661119
ASNM-CDX-2009,Bagging,0.0645960196718355,8.569846299866542,69479128195.3121,6.491563554555681,889,101,2,0.0665617811287102,5771,32.0,835,285.0146348038438,577050,8,3,1,1,2,0.854941573661119
ASNM-CDX-2009,BernoulliNB,0.0645960196718355,8.569846299866542,69479128195.3121,6.491563554555681,889,101,2,0.0665617811287102,5771,32.0,835,285.0146348038438,1780,1,1,2,3,1,0.1850627609327673
ASNM-CDX-2009,DNN,0.0645960196718355,8.569846299866542,69479128195.3121,6.491563554555681,889,101,2,0.0665617811287102,5771,32.0,835,285.0146348038438,56,6,2,2,1,3,0.0234542111863979
ASNM-CDX-2009,DT,0.0645960196718355,8.569846299866542,69479128195.3121,6.491563554555681,889,101,2,0.0665617811287102,5771,32.0,835,285.0146348038438,11541,5,1,1,1,2,0.8387754431168755
ASNM-CDX-2009,ExtraTree,0.0645960196718355,8.569846299866542,69479128195.3121,6.491563554555681,889,101,2,0.0665617811287102,5771,32.0,835,285.0146348038438,11541,5,5,1,1,2,0.7735015953575879
ASNM-CDX-2009,FT-Transformer,0.0645960196718355,8.569846299866542,69479128195.3121,6.491563554555681,889,101,2,0.0665617811287102,5771,32.0,835,285.0146348038438,256,7,2,2,1,3,0.2124232170143914
ASNM-CDX-2009,GaussianNB,0.0645960196718355,8.569846299866542,69479128195.3121,6.491563554555681,889,101,2,0.0665617811287102,5771,32.0,835,285.0146348038438,3558,1,1,2,3,1,0.0362643813651307
ASNM-CDX-2009,KNN,0.0645960196718355,8.569846299866542,69479128195.3121,6.491563554555681,889,101,2,0.0665617811287102,5771,32.0,835,285.0146348038438,9779,4,1,1,2,1,0.0
ASNM-CDX-2009,LDA,0.0645960196718355,8.569846299866542,69479128195.3121,6.491563554555681,889,101,2,0.0665617811287102,5771,32.0,835,285.0146348038438,397383,2,1,1,4,1,0.0921430016204374
ASNM-CDX-2009,LR,0.0645960196718355,8.569846299866542,69479128195.3121,6.491563554555681,889,101,2,0.0665617811287102,5771,32.0,835,285.0146348038438,1780,3,1,2,1,2,0.0798867398887491
ASNM-CDX-2009,LightGBM_ExtraTrees,0.0645960196718355,8.569846299866542,69479128195.3121,6.491563554555681,889,101,2,0.0665617811287102,5771,32.0,835,285.0146348038438,25300,9,5,2,1,2,0.6921468204453818
ASNM-CDX-2009,LightGBM_RF,0.0645960196718355,8.569846299866542,69479128195.3121,6.491563554555681,889,101,2,0.0665617811287102,5771,32.0,835,285.0146348038438,75900,9,4,2,1,2,0.698253026677302
ASNM-CDX-2009,LinearSVC,0.0645960196718355,8.569846299866542,69479128195.3121,6.491563554555681,889,101,2,0.0665617811287102,5771,32.0,835,285.0146348038438,1780,3,1,4,1,2,0.1055096350755383
ASNM-CDX-2009,MLP,0.0645960196718355,8.569846299866542,69479128195.3121,6.491563554555681,889,101,2,0.0665617811287102,5771,32.0,835,285.0146348038438,100,6,2,2,1,3,0.0304720108765239
ASNM-CDX-2009,PassiveAggressive,0.0645960196718355,8.569846299866542,69479128195.3121,6.491563554555681,889,101,2,0.0665617811287102,5771,32.0,835,285.0146348038438,1780,3,2,4,1,4,0.0624215416478806
ASNM-CDX-2009,Perceptron,0.0645960196718355,8.569846299866542,69479128195.3121,6.491563554555681,889,101,2,0.0665617811287102,5771,32.0,835,285.0146348038438,1780,3,2,5,1,4,0.0400445065907514
ASNM-CDX-2009,QDA,0.0645960196718355,8.569846299866542,69479128195.3121,6.491563554555681,889,101,2,0.0665617811287102,5771,32.0,835,285.0146348038438,792988,2,1,1,5,1,0.0052242109184989
ASNM-CDX-2009,Ridge,0.0645960196718355,8.569846299866542,69479128195.3121,6.491563554555681,889,101,2,0.0665617811287102,5771,32.0,835,285.0146348038438,1780,3,1,1,1,1,0.5855920850569093
ASNM-CDX-2009,SGD,0.0645960196718355,8.569846299866542,69479128195.3121,6.491563554555681,889,101,2,0.0665617811287102,5771,32.0,835,285.0146348038438,1780,3,2,4,1,3,0.0421198784123674
ASNM-CDX-2009,TabICL,0.0645960196718355,8.569846299866542,69479128195.3121,6.491563554555681,889,101,2,0.0665617811287102,5771,32.0,835,285.0146348038438,27552258,10,2,2,1,5,0.8533002862910458
ASNM-CDX-2009,TabNet,0.0645960196718355,8.569846299866542,69479128195.3121,6.491563554555681,889,101,2,0.0665617811287102,5771,32.0,835,285.0146348038438,96,7,2,2,1,3,0.3196357794028881
ASNM-CDX-2009,TabPFN,0.0645960196718355,8.569846299866542,69479128195.3121,6.491563554555681,889,101,2,0.0665617811287102,5771,32.0,835,285.0146348038438,53153144,10,2,2,1,5,0.839866641171852
ASNM-CDX-2009,TabTransformer,0.0645960196718355,8.569846299866542,69479128195.3121,6.491563554555681,889,101,2,0.0665617811287102,5771,32.0,835,285.0146348038438,10668,7,2,2,1,3,0.1501928805593871
ASNM-CDX-2009,XGBoost,0.0645960196718355,8.569846299866542,69479128195.3121,6.491563554555681,889,101,2,0.0665617811287102,5771,32.0,835,285.0146348038438,3462300,9,4,2,1,2,0.8655246264140278
BoTNeTIoT-L01,AdaBoost,0.3976346315873243,1.5159362597633632,1.0023644171188174e+16,307069.82608695654,23,0,2,0.2134387351778656,7062606,1.0,18,12.714866030931228,300,9,3,3,1,2,0.9990831727161924
BoTNeTIoT-L01,Bagging,0.3976346315873243,1.5159362597633632,1.0023644171188174e+16,307069.82608695654,23,0,2,0.2134387351778656,7062606,1.0,18,12.714866030931228,706260550,8,3,1,1,2,0.9997862592482516
BoTNeTIoT-L01,BernoulliNB,0.3976346315873243,1.5159362597633632,1.0023644171188174e+16,307069.82608695654,23,0,2,0.2134387351778656,7062606,1.0,18,12.714866030931228,48,1,1,2,3,1,0.5725211826699843
BoTNeTIoT-L01,DNN,0.3976346315873243,1.5159362597633632,1.0023644171188174e+16,307069.82608695654,23,0,2,0.2134387351778656,7062606,1.0,18,12.714866030931228,48,6,2,2,1,3,0.2248455282221997
BoTNeTIoT-L01,DT,0.3976346315873243,1.5159362597633632,1.0023644171188174e+16,307069.82608695654,23,0,2,0.2134387351778656,7062606,1.0,18,12.714866030931228,2097151,5,1,1,1,2,0.9997448900290886
BoTNeTIoT-L01,ExtraTree,0.3976346315873243,1.5159362597633632,1.0023644171188174e+16,307069.82608695654,23,0,2,0.2134387351778656,7062606,1.0,18,12.714866030931228,2097151,5,5,1,1,2,0.9996345546830844
BoTNeTIoT-L01,FT-Transformer,0.3976346315873243,1.5159362597633632,1.0023644171188174e+16,307069.82608695654,23,0,2,0.2134387351778656,7062606,1.0,18,12.714866030931228,384,7,2,2,1,3,0.9977835031679192
BoTNeTIoT-L01,GaussianNB,0.3976346315873243,1.5159362597633632,1.0023644171188174e+16,307069.82608695654,23,0,2,0.2134387351778656,7062606,1.0,18,12.714866030931228,94,1,1,2,3,1,0.0
BoTNeTIoT-L01,KNN,0.3976346315873243,1.5159362597633632,1.0023644171188174e+16,307069.82608695654,23,0,2,0.2134387351778656,7062606,1.0,18,12.714866030931228,69,4,1,1,2,1,0.9807207733002266
BoTNeTIoT-L01,LDA,0.3976346315873243,1.5159362597633632,1.0023644171188174e+16,307069.82608695654,23,0,2,0.2134387351778656,7062606,1.0,18,12.714866030931228,322,2,1,1,4,1,0.0
BoTNeTIoT-L01,LR,0.3976346315873243,1.5159362597633632,1.0023644171188174e+16,307069.82608695654,23,0,2,0.2134387351778656,7062606,1.0,18,12.714866030931228,48,3,1,2,1,2,0.125757193133484
BoTNeTIoT-L01,LightGBM_ExtraTrees,0.3976346315873243,1.5159362597633632,1.0023644171188174e+16,307069.82608695654,23,0,2,0.2134387351778656,7062606,1.0,18,12.714866030931228,75900,9,5,2,1,2,0.9943633692053454
BoTNeTIoT-L01,LightGBM_RF,0.3976346315873243,1.5159362597633632,1.0023644171188174e+16,307069.82608695654,23,0,2,0.2134387351778656,7062606,1.0,18,12.714866030931228,75900,9,4,2,1,2,0.9985411751090694
BoTNeTIoT-L01,LinearSVC,0.3976346315873243,1.5159362597633632,1.0023644171188174e+16,307069.82608695654,23,0,2,0.2134387351778656,7062606,1.0,18,12.714866030931228,48,3,1,4,1,2,0.0
BoTNeTIoT-L01,MLP,0.3976346315873243,1.5159362597633632,1.0023644171188174e+16,307069.82608695654,23,0,2,0.2134387351778656,7062606,1.0,18,12.714866030931228,50,6,2,2,1,3,0.2236981258256623
BoTNeTIoT-L01,PassiveAggressive,0.3976346315873243,1.5159362597633632,1.0023644171188174e+16,307069.82608695654,23,0,2,0.2134387351778656,7062606,1.0,18,12.714866030931228,48,3,2,4,1,4,0.9850749883205138
BoTNeTIoT-L01,Perceptron,0.3976346315873243,1.5159362597633632,1.0023644171188174e+16,307069.82608695654,23,0,2,0.2134387351778656,7062606,1.0,18,12.714866030931228,48,3,2,5,1,4,0.302474345525963
BoTNeTIoT-L01,QDA,0.3976346315873243,1.5159362597633632,1.0023644171188174e+16,307069.82608695654,23,0,2,0.2134387351778656,7062606,1.0,18,12.714866030931228,598,2,1,1,5,1,0.0380947375355355
BoTNeTIoT-L01,Ridge,0.3976346315873243,1.5159362597633632,1.0023644171188174e+16,307069.82608695654,23,0,2,0.2134387351778656,7062606,1.0,18,12.714866030931228,48,3,1,1,1,1,0.9619217306930312
BoTNeTIoT-L01,SGD,0.3976346315873243,1.5159362597633632,1.0023644171188174e+16,307069.82608695654,23,0,2,0.2134387351778656,7062606,1.0,18,12.714866030931228,48,3,2,4,1,3,0.3242885856621718
BoTNeTIoT-L01,TabICL,0.3976346315873243,1.5159362597633632,1.0023644171188174e+16,307069.82608695654,23,0,2,0.2134387351778656,7062606,1.0,18,12.714866030931228,27552258,10,2,2,1,5,0.9982502631704808
BoTNeTIoT-L01,TabNet,0.3976346315873243,1.5159362597633632,1.0023644171188174e+16,307069.82608695654,23,0,2,0.2134387351778656,7062606,1.0,18,12.714866030931228,96,7,2,2,1,3,0.997845241719845
BoTNeTIoT-L01,TabPFN,0.3976346315873243,1.5159362597633632,1.0023644171188174e+16,307069.82608695654,23,0,2,0.2134387351778656,7062606,1.0,18,12.714866030931228,53153144,10,2,2,1,5,0.9981883340372176
BoTNeTIoT-L01,TabTransformer,0.3976346315873243,1.5159362597633632,1.0023644171188174e+16,307069.82608695654,23,0,2,0.2134387351778656,7062606,1.0,18,12.714866030931228,276,7,2,2,1,3,0.976749103137232
BoTNeTIoT-L01,XGBoost,0.3976346315873243,1.5159362597633632,1.0023644171188174e+16,307069.82608695654,23,0,2,0.2134387351778656,7062606,1.0,18,12.714866030931228,204700,9,4,2,1,2,0.9998896853816356
CIC-MalMem-2022,AdaBoost,1.0,2.203656824102268,4497.612855726217,1065.3818181818183,55,3,2,0.1663299663299663,58596,6.0,52,6.143102808461819,300,9,3,3,1,2,0.9999317382845035
CIC-MalMem-2022,Bagging,1.0,2.203656824102268,4497.612855726217,1065.3818181818183,55,3,2,0.1663299663299663,58596,6.0,52,6.143102808461819,5859550,8,3,1,1,2,0.9997269531361056
CIC-MalMem-2022,BernoulliNB,1.0,2.203656824102268,4497.612855726217,1065.3818181818183,55,3,2,0.1663299663299663,58596,6.0,52,6.143102808461819,112,1,1,2,3,1,0.1710843420795944
CIC-MalMem-2022,DNN,1.0,2.203656824102268,4497.612855726217,1065.3818181818183,55,3,2,0.1663299663299663,58596,6.0,52,6.143102808461819,56,6,2,2,1,3,0.9938951621687728
CIC-MalMem-2022,DT,1.0,2.203656824102268,4497.612855726217,1065.3818181818183,55,3,2,0.1663299663299663,58596,6.0,52,6.143102808461819,117191,5,1,1,1,2,0.9997952101935308
CIC-MalMem-2022,ExtraTree,1.0,2.203656824102268,4497.612855726217,1065.3818181818183,55,3,2,0.1663299663299663,58596,6.0,52,6.143102808461819,117191,5,5,1,1,2,0.9997952101935308
CIC-MalMem-2022,FT-Transformer,1.0,2.203656824102268,4497.612855726217,1065.3818181818183,55,3,2,0.1663299663299663,58596,6.0,52,6.143102808461819,256,7,2,2,1,3,0.9943361693539646
CIC-MalMem-2022,GaussianNB,1.0,2.203656824102268,4497.612855726217,1065.3818181818183,55,3,2,0.1663299663299663,58596,6.0,52,6.143102808461819,222,1,1,2,3,1,0.982279547710444
CIC-MalMem-2022,KNN,1.0,2.203656824102268,4497.612855726217,1065.3818181818183,55,3,2,0.1663299663299663,58596,6.0,52,6.143102808461819,165,4,1,1,2,1,0.9993856818060204
CIC-MalMem-2022,LDA,1.0,2.203656824102268,4497.612855726217,1065.3818181818183,55,3,2,0.1663299663299663,58596,6.0,52,6.143102808461819,1650,2,1,1,4,1,0.9914671075294016
CIC-MalMem-2022,LR,1.0,2.203656824102268,4497.612855726217,1065.3818181818183,55,3,2,0.1663299663299663,58596,6.0,52,6.143102808461819,112,3,1,2,1,2,0.991910780540764
CIC-MalMem-2022,LightGBM_ExtraTrees,1.0,2.203656824102268,4497.612855726217,1065.3818181818183,55,3,2,0.1663299663299663,58596,6.0,52,6.143102808461819,75900,9,5,2,1,2,0.9968601883800856
CIC-MalMem-2022,LightGBM_RF,1.0,2.203656824102268,4497.612855726217,1065.3818181818183,55,3,2,0.1663299663299663,58596,6.0,52,6.143102808461819,37500,9,4,2,1,2,0.9983275454275627
CIC-MalMem-2022,LinearSVC,1.0,2.203656824102268,4497.612855726217,1065.3818181818183,55,3,2,0.1663299663299663,58596,6.0,52,6.143102808461819,112,3,1,4,1,2,0.9914328628889276
CIC-MalMem-2022,MLP,1.0,2.203656824102268,4497.612855726217,1065.3818181818183,55,3,2,0.1663299663299663,58596,6.0,52,6.143102808461819,50,6,2,2,1,3,0.0211590706439579
CIC-MalMem-2022,PassiveAggressive,1.0,2.203656824102268,4497.612855726217,1065.3818181818183,55,3,2,0.1663299663299663,58596,6.0,52,6.143102808461819,112,3,2,4,1,4,0.9881938222391932
CIC-MalMem-2022,Perceptron,1.0,2.203656824102268,4497.612855726217,1065.3818181818183,55,3,2,0.1663299663299663,58596,6.0,52,6.143102808461819,112,3,2,5,1,4,0.9785313282775916
CIC-MalMem-2022,QDA,1.0,2.203656824102268,4497.612855726217,1065.3818181818183,55,3,2,0.1663299663299663,58596,6.0,52,6.143102808461819,3190,2,1,1,5,1,0.9947450035323032
CIC-MalMem-2022,Ridge,1.0,2.203656824102268,4497.612855726217,1065.3818181818183,55,3,2,0.1663299663299663,58596,6.0,52,6.143102808461819,112,3,1,1,1,1,0.991774349495124
CIC-MalMem-2022,SGD,1.0,2.203656824102268,4497.612855726217,1065.3818181818183,55,3,2,0.1663299663299663,58596,6.0,52,6.143102808461819,112,3,2,4,1,3,0.9842683625602204
CIC-MalMem-2022,TabICL,1.0,2.203656824102268,4497.612855726217,1065.3818181818183,55,3,2,0.1663299663299663,58596,6.0,52,6.143102808461819,27552258,10,2,2,1,5,0.9999317359546728
CIC-MalMem-2022,TabNet,1.0,2.203656824102268,4497.612855726217,1065.3818181818183,55,3,2,0.1663299663299663,58596,6.0,52,6.143102808461819,96,7,2,2,1,3,0.8819500573959297
CIC-MalMem-2022,TabPFN,1.0,2.203656824102268,4497.612855726217,1065.3818181818183,55,3,2,0.1663299663299663,58596,6.0,52,6.143102808461819,53153144,10,2,2,1,5,0.999965868559814
CIC-MalMem-2022,TabTransformer,1.0,2.203656824102268,4497.612855726217,1065.3818181818183,55,3,2,0.1663299663299663,58596,6.0,52,6.143102808461819,660,7,2,2,1,3,0.9942330786817956
CIC-MalMem-2022,XGBoost,1.0,2.203656824102268,4497.612855726217,1065.3818181818183,55,3,2,0.1663299663299663,58596,6.0,52,6.143102808461819,35157300,9,4,2,1,2,0.9998634742390172
DDOS-ANL,AdaBoost,0.5471713450674891,3.6571314380747983,4753849.459785042,55401.74358974359,39,16,5,0.0904183535762483,2160668,0.0,21,19.577752691204036,150,9,3,3,1,2,0.9237540218632266
DDOS-ANL,Bagging,0.5471713450674891,3.6571314380747983,4753849.459785042,55401.74358974359,39,16,5,0.0904183535762483,2160668,0.0,21,19.577752691204036,216066750,8,3,1,1,2,0.9091101248696593
DDOS-ANL,BernoulliNB,0.5471713450674891,3.6571314380747983,4753849.459785042,55401.74358974359,39,16,5,0.0904183535762483,2160668,0.0,21,19.577752691204036,200,1,1,2,3,1,0.8517086139235537
DDOS-ANL,DNN,0.5471713450674891,3.6571314380747983,4753849.459785042,55401.74358974359,39,16,5,0.0904183535762483,2160668,0.0,21,19.577752691204036,56,6,2,2,1,3,0.0
DDOS-ANL,DT,0.5471713450674891,3.6571314380747983,4753849.459785042,55401.74358974359,39,16,5,0.0904183535762483,2160668,0.0,21,19.577752691204036,2047,5,1,1,1,2,0.9256364234983824
DDOS-ANL,ExtraTree,0.5471713450674891,3.6571314380747983,4753849.459785042,55401.74358974359,39,16,5,0.0904183535762483,2160668,0.0,21,19.577752691204036,2047,5,5,1,1,2,0.9257256810699436
DDOS-ANL,FT-Transformer,0.5471713450674891,3.6571314380747983,4753849.459785042,55401.74358974359,39,16,5,0.0904183535762483,2160668,0.0,21,19.577752691204036,384,7,2,2,1,3,0.9254108546097424
DDOS-ANL,GaussianNB,0.5471713450674891,3.6571314380747983,4753849.459785042,55401.74358974359,39,16,5,0.0904183535762483,2160668,0.0,21,19.577752691204036,395,1,1,2,3,1,0.8610782565319745
DDOS-ANL,KNN,0.5471713450674891,3.6571314380747983,4753849.459785042,55401.74358974359,39,16,5,0.0904183535762483,2160668,0.0,21,19.577752691204036,195,4,1,1,2,1,0.925576134795928
DDOS-ANL,LDA,0.5471713450674891,3.6571314380747983,4753849.459785042,55401.74358974359,39,16,5,0.0904183535762483,2160668,0.0,21,19.577752691204036,975,2,1,1,4,1,0.8781691942172215
DDOS-ANL,LR,0.5471713450674891,3.6571314380747983,4753849.459785042,55401.74358974359,39,16,5,0.0904183535762483,2160668,0.0,21,19.577752691204036,200,3,1,2,1,2,0.8694569412928984
DDOS-ANL,LightGBM_ExtraTrees,0.5471713450674891,3.6571314380747983,4753849.459785042,55401.74358974359,39,16,5,0.0904183535762483,2160668,0.0,21,19.577752691204036,18300,9,5,2,1,2,0.925616340846636
DDOS-ANL,LightGBM_RF,0.5471713450674891,3.6571314380747983,4753849.459785042,55401.74358974359,39,16,5,0.0904183535762483,2160668,0.0,21,19.577752691204036,18300,9,4,2,1,2,0.9257596080439106
DDOS-ANL,LinearSVC,0.5471713450674891,3.6571314380747983,4753849.459785042,55401.74358974359,39,16,5,0.0904183535762483,2160668,0.0,21,19.577752691204036,200,3,1,4,1,2,0.8908609214115937
DDOS-ANL,MLP,0.5471713450674891,3.6571314380747983,4753849.459785042,55401.74358974359,39,16,5,0.0904183535762483,2160668,0.0,21,19.577752691204036,100,6,2,2,1,3,0.0
DDOS-ANL,PassiveAggressive,0.5471713450674891,3.6571314380747983,4753849.459785042,55401.74358974359,39,16,5,0.0904183535762483,2160668,0.0,21,19.577752691204036,200,3,2,4,1,4,0.8768053369222396
DDOS-ANL,Perceptron,0.5471713450674891,3.6571314380747983,4753849.459785042,55401.74358974359,39,16,5,0.0904183535762483,2160668,0.0,21,19.577752691204036,200,3,2,5,1,4,0.8694837997943338
DDOS-ANL,QDA,0.5471713450674891,3.6571314380747983,4753849.459785042,55401.74358974359,39,16,5,0.0904183535762483,2160668,0.0,21,19.577752691204036,4095,2,1,1,5,1,0.8260339496736001
DDOS-ANL,Ridge,0.5471713450674891,3.6571314380747983,4753849.459785042,55401.74358974359,39,16,5,0.0904183535762483,2160668,0.0,21,19.577752691204036,200,3,1,1,1,1,0.9196245072292488
DDOS-ANL,SGD,0.5471713450674891,3.6571314380747983,4753849.459785042,55401.74358974359,39,16,5,0.0904183535762483,2160668,0.0,21,19.577752691204036,200,3,2,4,1,3,0.898169996881583
DDOS-ANL,TabICL,0.5471713450674891,3.6571314380747983,4753849.459785042,55401.74358974359,39,16,5,0.0904183535762483,2160668,0.0,21,19.577752691204036,27552258,10,2,2,1,5,0.925793853489034
DDOS-ANL,TabNet,0.5471713450674891,3.6571314380747983,4753849.459785042,55401.74358974359,39,16,5,0.0904183535762483,2160668,0.0,21,19.577752691204036,96,7,2,2,1,3,0.9258016984291436
DDOS-ANL,TabPFN,0.5471713450674891,3.6571314380747983,4753849.459785042,55401.74358974359,39,16,5,0.0904183535762483,2160668,0.0,21,19.577752691204036,53153144,10,2,2,1,5,0.9257468102362404
DDOS-ANL,TabTransformer,0.5471713450674891,3.6571314380747983,4753849.459785042,55401.74358974359,39,16,5,0.0904183535762483,2160668,0.0,21,19.577752691204036,468,7,2,2,1,3,0.9199735197831886
DDOS-ANL,XGBoost,0.5471713450674891,3.6571314380747983,4753849.459785042,55401.74358974359,39,16,5,0.0904183535762483,2160668,0.0,21,19.577752691204036,12700,9,4,2,1,2,0.9258016990260752
DeepSlice,AdaBoost,1.4651529400440646,4.585187376245139,123.52044663247176,3509.277777777778,18,14,3,0.0457516339869281,63167,8.0,8,3.1289452480317608,300,9,3,3,1,2,1.0
DeepSlice,Bagging,1.4651529400440646,4.585187376245139,123.52044663247176,3509.277777777778,18,14,3,0.0457516339869281,63167,8.0,8,3.1289452480317608,6316650,8,3,1,1,2,1.0
DeepSlice,BernoulliNB,1.4651529400440646,4.585187376245139,123.52044663247176,3509.277777777778,18,14,3,0.0457516339869281,63167,8.0,8,3.1289452480317608,57,1,1,2,3,1,1.0
DeepSlice,DNN,1.4651529400440646,4.585187376245139,123.52044663247176,3509.277777777778,18,14,3,0.0457516339869281,63167,8.0,8,3.1289452480317608,48,6,2,2,1,3,1.0
DeepSlice,DT,1.4651529400440646,4.585187376245139,123.52044663247176,3509.277777777778,18,14,3,0.0457516339869281,63167,8.0,8,3.1289452480317608,126333,5,1,1,1,2,1.0
DeepSlice,ExtraTree,1.4651529400440646,4.585187376245139,123.52044663247176,3509.277777777778,18,14,3,0.0457516339869281,63167,8.0,8,3.1289452480317608,126333,5,5,1,1,2,1.0
DeepSlice,FT-Transformer,1.4651529400440646,4.585187376245139,123.52044663247176,3509.277777777778,18,14,3,0.0457516339869281,63167,8.0,8,3.1289452480317608,384,7,2,2,1,3,1.0
DeepSlice,GaussianNB,1.4651529400440646,4.585187376245139,123.52044663247176,3509.277777777778,18,14,3,0.0457516339869281,63167,8.0,8,3.1289452480317608,111,1,1,2,3,1,1.0
DeepSlice,KNN,1.4651529400440646,4.585187376245139,123.52044663247176,3509.277777777778,18,14,3,0.0457516339869281,63167,8.0,8,3.1289452480317608,198,4,1,1,2,1,1.0
DeepSlice,LDA,1.4651529400440646,4.585187376245139,123.52044663247176,3509.277777777778,18,14,3,0.0457516339869281,63167,8.0,8,3.1289452480317608,225,2,1,1,4,1,0.6737412364504448
DeepSlice,LR,1.4651529400440646,4.585187376245139,123.52044663247176,3509.277777777778,18,14,3,0.0457516339869281,63167,8.0,8,3.1289452480317608,57,3,1,2,1,2,1.0
DeepSlice,LightGBM_ExtraTrees,1.4651529400440646,4.585187376245139,123.52044663247176,3509.277777777778,18,14,3,0.0457516339869281,63167,8.0,8,3.1289452480317608,12500,9,5,2,1,2,1.0
DeepSlice,LightGBM_RF,1.4651529400440646,4.585187376245139,123.52044663247176,3509.277777777778,18,14,3,0.0457516339869281,63167,8.0,8,3.1289452480317608,12500,9,4,2,1,2,1.0
DeepSlice,LinearSVC,1.4651529400440646,4.585187376245139,123.52044663247176,3509.277777777778,18,14,3,0.0457516339869281,63167,8.0,8,3.1289452480317608,57,3,1,4,1,2,1.0
DeepSlice,MLP,1.4651529400440646,4.585187376245139,123.52044663247176,3509.277777777778,18,14,3,0.0457516339869281,63167,8.0,8,3.1289452480317608,100,6,2,2,1,3,1.0
DeepSlice,PassiveAggressive,1.4651529400440646,4.585187376245139,123.52044663247176,3509.277777777778,18,14,3,0.0457516339869281,63167,8.0,8,3.1289452480317608,57,3,2,4,1,4,1.0
DeepSlice,Perceptron,1.4651529400440646,4.585187376245139,123.52044663247176,3509.277777777778,18,14,3,0.0457516339869281,63167,8.0,8,3.1289452480317608,57,3,2,5,1,4,1.0
DeepSlice,QDA,1.4651529400440646,4.585187376245139,123.52044663247176,3509.277777777778,18,14,3,0.0457516339869281,63167,8.0,8,3.1289452480317608,567,2,1,1,5,1,1.0
DeepSlice,Ridge,1.4651529400440646,4.585187376245139,123.52044663247176,3509.277777777778,18,14,3,0.0457516339869281,63167,8.0,8,3.1289452480317608,57,3,1,1,1,1,1.0
DeepSlice,SGD,1.4651529400440646,4.585187376245139,123.52044663247176,3509.277777777778,18,14,3,0.0457516339869281,63167,8.0,8,3.1289452480317608,57,3,2,4,1,3,1.0
DeepSlice,TabICL,1.4651529400440646,4.585187376245139,123.52044663247176,3509.277777777778,18,14,3,0.0457516339869281,63167,8.0,8,3.1289452480317608,27552258,10,2,2,1,5,1.0
DeepSlice,TabNet,1.4651529400440646,4.585187376245139,123.52044663247176,3509.277777777778,18,14,3,0.0457516339869281,63167,8.0,8,3.1289452480317608,128,7,2,2,1,3,1.0
DeepSlice,TabPFN,1.4651529400440646,4.585187376245139,123.52044663247176,3509.277777777778,18,14,3,0.0457516339869281,63167,8.0,8,3.1289452480317608,53153144,10,2,2,1,5,1.0
DeepSlice,TabTransformer,1.4651529400440646,4.585187376245139,123.52044663247176,3509.277777777778,18,14,3,0.0457516339869281,63167,8.0,8,3.1289452480317608,108,7,2,2,1,3,1.0
DeepSlice,XGBoost,1.4651529400440646,4.585187376245139,123.52044663247176,3509.277777777778,18,14,3,0.0457516339869281,63167,8.0,8,3.1289452480317608,12700,9,4,2,1,2,1.0
IoT-APD,AdaBoost,2.315369769121552,31.029356568494265,14.379522890076636,723.0,15,1,5,0.0952380952380952,10845,0.0,12,41.27436039422639,300,9,3,3,1,2,0.2716895629786385
IoT-APD,Bagging,2.315369769121552,31.029356568494265,14.379522890076636,723.0,15,1,5,0.0952380952380952,10845,0.0,12,41.27436039422639,1084450,8,3,1,1,2,0.5823148350644274
IoT-APD,BernoulliNB,2.315369769121552,31.029356568494265,14.379522890076636,723.0,15,1,5,0.0952380952380952,10845,0.0,12,41.27436039422639,80,1,1,2,3,1,0.0759601003290728
IoT-APD,DNN,2.315369769121552,31.029356568494265,14.379522890076636,723.0,15,1,5,0.0952380952380952,10845,0.0,12,41.27436039422639,48,6,2,2,1,3,0.1565073325322271
IoT-APD,DT,2.315369769121552,31.029356568494265,14.379522890076636,723.0,15,1,5,0.0952380952380952,10845,0.0,12,41.27436039422639,21689,5,1,1,1,2,0.5261441765567354
IoT-APD,ExtraTree,2.315369769121552,31.029356568494265,14.379522890076636,723.0,15,1,5,0.0952380952380952,10845,0.0,12,41.27436039422639,21689,5,5,1,1,2,0.5189858817258678
IoT-APD,FT-Transformer,2.315369769121552,31.029356568494265,14.379522890076636,723.0,15,1,5,0.0952380952380952,10845,0.0,12,41.27436039422639,384,7,2,2,1,3,0.4260702011508537
IoT-APD,GaussianNB,2.315369769121552,31.029356568494265,14.379522890076636,723.0,15,1,5,0.0952380952380952,10845,0.0,12,41.27436039422639,155,1,1,2,3,1,0.127018751897804
IoT-APD,KNN,2.315369769121552,31.029356568494265,14.379522890076636,723.0,15,1,5,0.0952380952380952,10845,0.0,12,41.27436039422639,165,4,1,1,2,1,0.2769467103436864
IoT-APD,LDA,2.315369769121552,31.029356568494265,14.379522890076636,723.0,15,1,5,0.0952380952380952,10845,0.0,12,41.27436039422639,195,2,1,1,4,1,0.1437325183520395
IoT-APD,LR,2.315369769121552,31.029356568494265,14.379522890076636,723.0,15,1,5,0.0952380952380952,10845,0.0,12,41.27436039422639,80,3,1,2,1,2,0.133661535899314
IoT-APD,LightGBM_ExtraTrees,2.315369769121552,31.029356568494265,14.379522890076636,723.0,15,1,5,0.0952380952380952,10845,0.0,12,41.27436039422639,75900,9,5,2,1,2,0.3667900468344877
IoT-APD,LightGBM_RF,2.315369769121552,31.029356568494265,14.379522890076636,723.0,15,1,5,0.0952380952380952,10845,0.0,12,41.27436039422639,75900,9,4,2,1,2,0.5497712340253648
IoT-APD,LinearSVC,2.315369769121552,31.029356568494265,14.379522890076636,723.0,15,1,5,0.0952380952380952,10845,0.0,12,41.27436039422639,80,3,1,4,1,2,0.1570392193927027
IoT-APD,MLP,2.315369769121552,31.029356568494265,14.379522890076636,723.0,15,1,5,0.0952380952380952,10845,0.0,12,41.27436039422639,100,6,2,2,1,3,0.2380600675655862
IoT-APD,PassiveAggressive,2.315369769121552,31.029356568494265,14.379522890076636,723.0,15,1,5,0.0952380952380952,10845,0.0,12,41.27436039422639,80,3,2,4,1,4,0.038735736660242
IoT-APD,Perceptron,2.315369769121552,31.029356568494265,14.379522890076636,723.0,15,1,5,0.0952380952380952,10845,0.0,12,41.27436039422639,80,3,2,5,1,4,0.0320069240393751
IoT-APD,QDA,2.315369769121552,31.029356568494265,14.379522890076636,723.0,15,1,5,0.0952380952380952,10845,0.0,12,41.27436039422639,675,2,1,1,5,1,0.2076964869517987
IoT-APD,Ridge,2.315369769121552,31.029356568494265,14.379522890076636,723.0,15,1,5,0.0952380952380952,10845,0.0,12,41.27436039422639,80,3,1,1,1,1,0.1583299801373413
IoT-APD,SGD,2.315369769121552,31.029356568494265,14.379522890076636,723.0,15,1,5,0.0952380952380952,10845,0.0,12,41.27436039422639,80,3,2,4,1,3,0.1198378676535157
IoT-APD,TabICL,2.315369769121552,31.029356568494265,14.379522890076636,723.0,15,1,5,0.0952380952380952,10845,0.0,12,41.27436039422639,27552258,10,2,2,1,5,0.684162635772223
IoT-APD,TabNet,2.315369769121552,31.029356568494265,14.379522890076636,723.0,15,1,5,0.0952380952380952,10845,0.0,12,41.27436039422639,48,7,2,2,1,3,0.1011203806585344
IoT-APD,TabPFN,2.315369769121552,31.029356568494265,14.379522890076636,723.0,15,1,5,0.0952380952380952,10845,0.0,12,41.27436039422639,53153144,10,2,2,1,5,0.6262679497229163
IoT-APD,TabTransformer,2.315369769121552,31.029356568494265,14.379522890076636,723.0,15,1,5,0.0952380952380952,10845,0.0,12,41.27436039422639,180,7,2,2,1,3,0.2191299718790396
IoT-APD,XGBoost,2.315369769121552,31.029356568494265,14.379522890076636,723.0,15,1,5,0.0952380952380952,10845,0.0,12,41.27436039422639,38100,9,4,2,1,2,0.5879469503300975
IoT-DNL,AdaBoost,2.5847961382725715,1.8328259549872408,60654274736603.7,36725.07692307692,13,0,6,0.141025641025641,477426,0.0,10,1.052123906411598,300,9,3,3,1,2,0.996890620995318
IoT-DNL,Bagging,2.5847961382725715,1.8328259549872408,60654274736603.7,36725.07692307692,13,0,6,0.141025641025641,477426,0.0,10,1.052123906411598,47742550,8,3,1,1,2,1.0
IoT-DNL,BernoulliNB,2.5847961382725715,1.8328259549872408,60654274736603.7,36725.07692307692,13,0,6,0.141025641025641,477426,0.0,10,1.052123906411598,84,1,1,2,3,1,0.7962456196246401
IoT-DNL,DNN,2.5847961382725715,1.8328259549872408,60654274736603.7,36725.07692307692,13,0,6,0.141025641025641,477426,0.0,10,1.052123906411598,48,6,2,2,1,3,2.455823984435704e-6
IoT-DNL,DT,2.5847961382725715,1.8328259549872408,60654274736603.7,36725.07692307692,13,0,6,0.141025641025641,477426,0.0,10,1.052123906411598,954851,5,1,1,1,2,1.0
IoT-DNL,ExtraTree,2.5847961382725715,1.8328259549872408,60654274736603.7,36725.07692307692,13,0,6,0.141025641025641,477426,0.0,10,1.052123906411598,954851,5,5,1,1,2,0.9999899456542796
IoT-DNL,FT-Transformer,2.5847961382725715,1.8328259549872408,60654274736603.7,36725.07692307692,13,0,6,0.141025641025641,477426,0.0,10,1.052123906411598,128,7,2,2,1,3,0.8242678086600616
IoT-DNL,GaussianNB,2.5847961382725715,1.8328259549872408,60654274736603.7,36725.07692307692,13,0,6,0.141025641025641,477426,0.0,10,1.052123906411598,162,1,1,2,3,1,0.484666274911364
IoT-DNL,KNN,2.5847961382725715,1.8328259549872408,60654274736603.7,36725.07692307692,13,0,6,0.141025641025641,477426,0.0,10,1.052123906411598,143,4,1,1,2,1,0.9174395978859912
IoT-DNL,LDA,2.5847961382725715,1.8328259549872408,60654274736603.7,36725.07692307692,13,0,6,0.141025641025641,477426,0.0,10,1.052123906411598,169,2,1,1,4,1,0.4850700375128905
IoT-DNL,LR,2.5847961382725715,1.8328259549872408,60654274736603.7,36725.07692307692,13,0,6,0.141025641025641,477426,0.0,10,1.052123906411598,84,3,1,2,1,2,0.3102127854678276
IoT-DNL,LightGBM_ExtraTrees,2.5847961382725715,1.8328259549872408,60654274736603.7,36725.07692307692,13,0,6,0.141025641025641,477426,0.0,10,1.052123906411598,12500,9,5,2,1,2,0.9487033847776646
IoT-DNL,LightGBM_RF,2.5847961382725715,1.8328259549872408,60654274736603.7,36725.07692307692,13,0,6,0.141025641025641,477426,0.0,10,1.052123906411598,75900,9,4,2,1,2,0.9999648106862792
IoT-DNL,LinearSVC,2.5847961382725715,1.8328259549872408,60654274736603.7,36725.07692307692,13,0,6,0.141025641025641,477426,0.0,10,1.052123906411598,84,3,1,4,1,2,0.2856935033032838
IoT-DNL,MLP,2.5847961382725715,1.8328259549872408,60654274736603.7,36725.07692307692,13,0,6,0.141025641025641,477426,0.0,10,1.052123906411598,100,6,2,2,1,3,2.64945441005986e-6
IoT-DNL,PassiveAggressive,2.5847961382725715,1.8328259549872408,60654274736603.7,36725.07692307692,13,0,6,0.141025641025641,477426,0.0,10,1.052123906411598,84,3,2,4,1,4,0.2177615482102739
IoT-DNL,Perceptron,2.5847961382725715,1.8328259549872408,60654274736603.7,36725.07692307692,13,0,6,0.141025641025641,477426,0.0,10,1.052123906411598,84,3,2,5,1,4,0.1850019730670196
IoT-DNL,QDA,2.5847961382725715,1.8328259549872408,60654274736603.7,36725.07692307692,13,0,6,0.141025641025641,477426,0.0,10,1.052123906411598,624,2,1,1,5,1,0.8216336349215188
IoT-DNL,Ridge,2.5847961382725715,1.8328259549872408,60654274736603.7,36725.07692307692,13,0,6,0.141025641025641,477426,0.0,10,1.052123906411598,84,3,1,1,1,1,0.8435097881412245
IoT-DNL,SGD,2.5847961382725715,1.8328259549872408,60654274736603.7,36725.07692307692,13,0,6,0.141025641025641,477426,0.0,10,1.052123906411598,84,3,2,4,1,3,0.1374257816496277
IoT-DNL,TabICL,2.5847961382725715,1.8328259549872408,60654274736603.7,36725.07692307692,13,0,6,0.141025641025641,477426,0.0,10,1.052123906411598,27552258,10,2,2,1,5,0.9999924592604544
IoT-DNL,TabNet,2.5847961382725715,1.8328259549872408,60654274736603.7,36725.07692307692,13,0,6,0.141025641025641,477426,0.0,10,1.052123906411598,96,7,2,2,1,3,0.9946019536483734
IoT-DNL,TabPFN,2.5847961382725715,1.8328259549872408,60654274736603.7,36725.07692307692,13,0,6,0.141025641025641,477426,0.0,10,1.052123906411598,53153144,10,2,2,1,5,0.9999648106862792
IoT-DNL,TabTransformer,2.5847961382725715,1.8328259549872408,60654274736603.7,36725.07692307692,13,0,6,0.141025641025641,477426,0.0,10,1.052123906411598,156,7,2,2,1,3,0.6773819794834318
IoT-DNL,XGBoost,2.5847961382725715,1.8328259549872408,60654274736603.7,36725.07692307692,13,0,6,0.141025641025641,477426,0.0,10,1.052123906411598,12700,9,4,2,1,2,0.9999949728298592
IoTID20,AdaBoost,0.3432644495341364,7.832829573088412,4639124.206861703,6657.265957446809,94,25,2,0.0597117364447494,625783,14.0,68,43.72031911100076,300,9,3,3,1,2,0.9665099859013516
IoTID20,Bagging,0.3432644495341364,7.832829573088412,4639124.206861703,6657.265957446809,94,25,2,0.0597117364447494,625783,14.0,68,43.72031911100076,62578250,8,3,1,1,2,0.995499981327114
IoTID20,BernoulliNB,0.3432644495341364,7.832829573088412,4639124.206861703,6657.265957446809,94,25,2,0.0597117364447494,625783,14.0,68,43.72031911100076,190,1,1,2,3,1,0.577894531576039
IoTID20,DNN,0.3432644495341364,7.832829573088412,4639124.206861703,6657.265957446809,94,25,2,0.0597117364447494,625783,14.0,68,43.72031911100076,48,6,2,2,1,3,0.4827930236082012
IoTID20,DT,0.3432644495341364,7.832829573088412,4639124.206861703,6657.265957446809,94,25,2,0.0597117364447494,625783,14.0,68,43.72031911100076,1251565,5,1,1,1,2,0.9948510024535556
IoTID20,ExtraTree,0.3432644495341364,7.832829573088412,4639124.206861703,6657.265957446809,94,25,2,0.0597117364447494,625783,14.0,68,43.72031911100076,1251565,5,5,1,1,2,0.9897363853241185
IoTID20,FT-Transformer,0.3432644495341364,7.832829573088412,4639124.206861703,6657.265957446809,94,25,2,0.0597117364447494,625783,14.0,68,43.72031911100076,384,7,2,2,1,3,0.905489588937576
IoTID20,GaussianNB,0.3432644495341364,7.832829573088412,4639124.206861703,6657.265957446809,94,25,2,0.0597117364447494,625783,14.0,68,43.72031911100076,378,1,1,2,3,1,0.1634087329128018
IoTID20,KNN,0.3432644495341364,7.832829573088412,4639124.206861703,6657.265957446809,94,25,2,0.0597117364447494,625783,14.0,68,43.72031911100076,282,4,1,1,2,1,0.9614209904872364
IoTID20,LDA,0.3432644495341364,7.832829573088412,4639124.206861703,6657.265957446809,94,25,2,0.0597117364447494,625783,14.0,68,43.72031911100076,4653,2,1,1,4,1,0.646394015583644
IoTID20,LR,0.3432644495341364,7.832829573088412,4639124.206861703,6657.265957446809,94,25,2,0.0597117364447494,625783,14.0,68,43.72031911100076,190,3,1,2,1,2,0.6819278427038041
IoTID20,LightGBM_ExtraTrees,0.3432644495341364,7.832829573088412,4639124.206861703,6657.265957446809,94,25,2,0.0597117364447494,625783,14.0,68,43.72031911100076,18300,9,5,2,1,2,0.9338248627728402
IoTID20,LightGBM_RF,0.3432644495341364,7.832829573088412,4639124.206861703,6657.265957446809,94,25,2,0.0597117364447494,625783,14.0,68,43.72031911100076,37500,9,4,2,1,2,0.988158624536636
IoTID20,LinearSVC,0.3432644495341364,7.832829573088412,4639124.206861703,6657.265957446809,94,25,2,0.0597117364447494,625783,14.0,68,43.72031911100076,190,3,1,4,1,2,0.6858396435875442
IoTID20,MLP,0.3432644495341364,7.832829573088412,4639124.206861703,6657.265957446809,94,25,2,0.0597117364447494,625783,14.0,68,43.72031911100076,50,6,2,2,1,3,0.2567950889454918
IoTID20,PassiveAggressive,0.3432644495341364,7.832829573088412,4639124.206861703,6657.265957446809,94,25,2,0.0597117364447494,625783,14.0,68,43.72031911100076,190,3,2,4,1,4,0.491990774854609
IoTID20,Perceptron,0.3432644495341364,7.832829573088412,4639124.206861703,6657.265957446809,94,25,2,0.0597117364447494,625783,14.0,68,43.72031911100076,190,3,2,5,1,4,0.457773064370914
IoTID20,QDA,0.3432644495341364,7.832829573088412,4639124.206861703,6657.265957446809,94,25,2,0.0597117364447494,625783,14.0,68,43.72031911100076,9118,2,1,1,5,1,0.5919084386768224
IoTID20,Ridge,0.3432644495341364,7.832829573088412,4639124.206861703,6657.265957446809,94,25,2,0.0597117364447494,625783,14.0,68,43.72031911100076,190,3,1,1,1,1,0.6308938961344944
IoTID20,SGD,0.3432644495341364,7.832829573088412,4639124.206861703,6657.265957446809,94,25,2,0.0597117364447494,625783,14.0,68,43.72031911100076,190,3,2,4,1,3,0.5687425125199748
IoTID20,TabICL,0.3432644495341364,7.832829573088412,4639124.206861703,6657.265957446809,94,25,2,0.0597117364447494,625783,14.0,68,43.72031911100076,27552258,10,2,2,1,5,0.9880142257267732
IoTID20,TabNet,0.3432644495341364,7.832829573088412,4639124.206861703,6657.265957446809,94,25,2,0.0597117364447494,625783,14.0,68,43.72031911100076,96,7,2,2,1,3,0.975566657883005
IoTID20,TabPFN,0.3432644495341364,7.832829573088412,4639124.206861703,6657.265957446809,94,25,2,0.0597117364447494,625783,14.0,68,43.72031911100076,53153144,10,2,2,1,5,0.9856618925623506
IoTID20,TabTransformer,0.3432644495341364,7.832829573088412,4639124.206861703,6657.265957446809,94,25,2,0.0597117364447494,625783,14.0,68,43.72031911100076,1128,7,2,2,1,3,0.8179213142743182
IoTID20,XGBoost,0.3432644495341364,7.832829573088412,4639124.206861703,6657.265957446809,94,25,2,0.0597117364447494,625783,14.0,68,43.72031911100076,38100,9,4,2,1,2,0.9936682915222672
IoTNet24,AdaBoost,0.4129568272568125,3.684173889242945,54744.44297766372,680.7352941176471,34,24,2,0.1122994652406417,23145,3.0,29,4.439087608729601,300,9,3,3,1,2,0.999716536353734
IoTNet24,Bagging,0.4129568272568125,3.684173889242945,54744.44297766372,680.7352941176471,34,24,2,0.1122994652406417,23145,3.0,29,4.439087608729601,2314450,8,3,1,1,2,0.999716536353734
IoTNet24,BernoulliNB,0.4129568272568125,3.684173889242945,54744.44297766372,680.7352941176471,34,24,2,0.1122994652406417,23145,3.0,29,4.439087608729601,70,1,1,2,3,1,0.9713611965348268
IoTNet24,DNN,0.4129568272568125,3.684173889242945,54744.44297766372,680.7352941176471,34,24,2,0.1122994652406417,23145,3.0,29,4.439087608729601,56,6,2,2,1,3,0.8545370142323903
IoTNet24,DT,0.4129568272568125,3.684173889242945,54744.44297766372,680.7352941176471,34,24,2,0.1122994652406417,23145,3.0,29,4.439087608729601,46289,5,1,1,1,2,0.999716536353734
IoTNet24,ExtraTree,0.4129568272568125,3.684173889242945,54744.44297766372,680.7352941176471,34,24,2,0.1122994652406417,23145,3.0,29,4.439087608729601,46289,5,5,1,1,2,0.999716536353734
IoTNet24,FT-Transformer,0.4129568272568125,3.684173889242945,54744.44297766372,680.7352941176471,34,24,2,0.1122994652406417,23145,3.0,29,4.439087608729601,128,7,2,2,1,3,0.9791173361061054
IoTNet24,GaussianNB,0.4129568272568125,3.684173889242945,54744.44297766372,680.7352941176471,34,24,2,0.1122994652406417,23145,3.0,29,4.439087608729601,138,1,1,2,3,1,0.9281635905154422
IoTNet24,KNN,0.4129568272568125,3.684173889242945,54744.44297766372,680.7352941176471,34,24,2,0.1122994652406417,23145,3.0,29,4.439087608729601,170,4,1,1,2,1,0.9791609926287366
IoTNet24,LDA,0.4129568272568125,3.684173889242945,54744.44297766372,680.7352941176471,34,24,2,0.1122994652406417,23145,3.0,29,4.439087608729601,663,2,1,1,4,1,0.9716525988050942
IoTNet24,LR,0.4129568272568125,3.684173889242945,54744.44297766372,680.7352941176471,34,24,2,0.1122994652406417,23145,3.0,29,4.439087608729601,70,3,1,2,1,2,0.9103323530924416
IoTNet24,LightGBM_ExtraTrees,0.4129568272568125,3.684173889242945,54744.44297766372,680.7352941176471,34,24,2,0.1122994652406417,23145,3.0,29,4.439087608729601,25300,9,5,2,1,2,0.9857507507085708
IoTNet24,LightGBM_RF,0.4129568272568125,3.684173889242945,54744.44297766372,680.7352941176471,34,24,2,0.1122994652406417,23145,3.0,29,4.439087608729601,12500,9,4,2,1,2,0.9994332869432064
IoTNet24,LinearSVC,0.4129568272568125,3.684173889242945,54744.44297766372,680.7352941176471,34,24,2,0.1122994652406417,23145,3.0,29,4.439087608729601,70,3,1,4,1,2,0.944640825114151
IoTNet24,MLP,0.4129568272568125,3.684173889242945,54744.44297766372,680.7352941176471,34,24,2,0.1122994652406417,23145,3.0,29,4.439087608729601,50,6,2,2,1,3,0.8541831742964469
IoTNet24,PassiveAggressive,0.4129568272568125,3.684173889242945,54744.44297766372,680.7352941176471,34,24,2,0.1122994652406417,23145,3.0,29,4.439087608729601,70,3,2,4,1,4,0.8881503352828299
IoTNet24,Perceptron,0.4129568272568125,3.684173889242945,54744.44297766372,680.7352941176471,34,24,2,0.1122994652406417,23145,3.0,29,4.439087608729601,70,3,2,5,1,4,0.5641685401480229
IoTNet24,QDA,0.4129568272568125,3.684173889242945,54744.44297766372,680.7352941176471,34,24,2,0.1122994652406417,23145,3.0,29,4.439087608729601,1258,2,1,1,5,1,0.9506201130822226
IoTNet24,Ridge,0.4129568272568125,3.684173889242945,54744.44297766372,680.7352941176471,34,24,2,0.1122994652406417,23145,3.0,29,4.439087608729601,70,3,1,1,1,1,0.9716525988050942
IoTNet24,SGD,0.4129568272568125,3.684173889242945,54744.44297766372,680.7352941176471,34,24,2,0.1122994652406417,23145,3.0,29,4.439087608729601,70,3,2,4,1,3,0.784209525663176
IoTNet24,TabICL,0.4129568272568125,3.684173889242945,54744.44297766372,680.7352941176471,34,24,2,0.1122994652406417,23145,3.0,29,4.439087608729601,27552258,10,2,2,1,5,1.0
IoTNet24,TabNet,0.4129568272568125,3.684173889242945,54744.44297766372,680.7352941176471,34,24,2,0.1122994652406417,23145,3.0,29,4.439087608729601,72,7,2,2,1,3,0.985178113781528
IoTNet24,TabPFN,0.4129568272568125,3.684173889242945,54744.44297766372,680.7352941176471,34,24,2,0.1122994652406417,23145,3.0,29,4.439087608729601,53153144,10,2,2,1,5,1.0
IoTNet24,TabTransformer,0.4129568272568125,3.684173889242945,54744.44297766372,680.7352941176471,34,24,2,0.1122994652406417,23145,3.0,29,4.439087608729601,408,7,2,2,1,3,0.9760595626394606
IoTNet24,XGBoost,0.4129568272568125,3.684173889242945,54744.44297766372,680.7352941176471,34,24,2,0.1122994652406417,23145,3.0,29,4.439087608729601,12700,9,4,2,1,2,0.9994332869432064
KPI-KQI,AdaBoost,3.143139046724287,2.6015120714122686,202.121233349934,12.692307692307692,13,0,9,0.0897435897435897,165,0.0,9,0.9134840453670108,300,9,3,3,1,2,0.658974611303175
KPI-KQI,Bagging,3.143139046724287,2.6015120714122686,202.121233349934,12.692307692307692,13,0,9,0.0897435897435897,165,0.0,9,0.9134840453670108,16450,8,3,1,1,2,1.0
KPI-KQI,BernoulliNB,3.143139046724287,2.6015120714122686,202.121233349934,12.692307692307692,13,0,9,0.0897435897435897,165,0.0,9,0.9134840453670108,126,1,1,2,3,1,0.1013245197363484
KPI-KQI,DT,3.143139046724287,2.6015120714122686,202.121233349934,12.692307692307692,13,0,9,0.0897435897435897,165,0.0,9,0.9134840453670108,329,5,1,1,1,2,0.9863025070562842
KPI-KQI,ExtraTree,3.143139046724287,2.6015120714122686,202.121233349934,12.692307692307692,13,0,9,0.0897435897435897,165,0.0,9,0.9134840453670108,329,5,5,1,1,2,0.9591286835490412
KPI-KQI,GaussianNB,3.143139046724287,2.6015120714122686,202.121233349934,12.692307692307692,13,0,9,0.0897435897435897,165,0.0,9,0.9134840453670108,243,1,1,2,3,1,0.993191644381203
KPI-KQI,KNN,3.143139046724287,2.6015120714122686,202.121233349934,12.692307692307692,13,0,9,0.0897435897435897,165,0.0,9,0.9134840453670108,65,4,1,1,2,1,0.939187767717519
KPI-KQI,LDA,3.143139046724287,2.6015120714122686,202.121233349934,12.692307692307692,13,0,9,0.0897435897435897,165,0.0,9,0.9134840453670108,208,2,1,1,4,1,0.8658946629548331
KPI-KQI,LR,3.143139046724287,2.6015120714122686,202.121233349934,12.692307692307692,13,0,9,0.0897435897435897,165,0.0,9,0.9134840453670108,126,3,1,2,1,2,0.9388290202296568
KPI-KQI,LightGBM_ExtraTrees,3.143139046724287,2.6015120714122686,202.121233349934,12.692307692307692,13,0,9,0.0897435897435897,165,0.0,9,0.9134840453670108,37500,9,5,2,1,2,1.0
KPI-KQI,LightGBM_RF,3.143139046724287,2.6015120714122686,202.121233349934,12.692307692307692,13,0,9,0.0897435897435897,165,0.0,9,0.9134840453670108,18300,9,4,2,1,2,0.9066955147782804
KPI-KQI,LinearSVC,3.143139046724287,2.6015120714122686,202.121233349934,12.692307692307692,13,0,9,0.0897435897435897,165,0.0,9,0.9134840453670108,126,3,1,4,1,2,0.9591548719400156
KPI-KQI,PassiveAggressive,3.143139046724287,2.6015120714122686,202.121233349934,12.692307692307692,13,0,9,0.0897435897435897,165,0.0,9,0.9134840453670108,126,3,2,4,1,4,0.8309366083849717
KPI-KQI,Perceptron,3.143139046724287,2.6015120714122686,202.121233349934,12.692307692307692,13,0,9,0.0897435897435897,165,0.0,9,0.9134840453670108,126,3,2,5,1,4,0.6651452889791302
KPI-KQI,QDA,3.143139046724287,2.6015120714122686,202.121233349934,12.692307692307692,13,0,9,0.0897435897435897,165,0.0,9,0.9134840453670108,936,2,1,1,5,1,0.8926811401840967
KPI-KQI,Ridge,3.143139046724287,2.6015120714122686,202.121233349934,12.692307692307692,13,0,9,0.0897435897435897,165,0.0,9,0.9134840453670108,126,3,1,1,1,1,0.8652376451460234
KPI-KQI,SGD,3.143139046724287,2.6015120714122686,202.121233349934,12.692307692307692,13,0,9,0.0897435897435897,165,0.0,9,0.9134840453670108,126,3,2,4,1,3,0.8771536702453926
MQTTEEB-D,AdaBoost,2.141701568768407,14.83599835004284,12645.819710025931,9273.625,24,20,6,0.1268115942028985,222567,12.0,17,4.826301270943615,150,9,3,3,1,2,0.4118674312386026
MQTTEEB-D,Bagging,2.141701568768407,14.83599835004284,12645.819710025931,9273.625,24,20,6,0.1268115942028985,222567,12.0,17,4.826301270943615,22256650,8,3,1,1,2,0.8949229955611679
MQTTEEB-D,BernoulliNB,2.141701568768407,14.83599835004284,12645.819710025931,9273.625,24,20,6,0.1268115942028985,222567,12.0,17,4.826301270943615,150,1,1,2,3,1,0.2093089890238733
MQTTEEB-D,DNN,2.141701568768407,14.83599835004284,12645.819710025931,9273.625,24,20,6,0.1268115942028985,222567,12.0,17,4.826301270943615,48,6,2,2,1,3,0.000015058809150226011
MQTTEEB-D,DT,2.141701568768407,14.83599835004284,12645.819710025931,9273.625,24,20,6,0.1268115942028985,222567,12.0,17,4.826301270943615,445133,5,1,1,1,2,0.8927250931339531
MQTTEEB-D,ExtraTree,2.141701568768407,14.83599835004284,12645.819710025931,9273.625,24,20,6,0.1268115942028985,222567,12.0,17,4.826301270943615,445133,5,5,1,1,2,0.8841476379601013
MQTTEEB-D,FT-Transformer,2.141701568768407,14.83599835004284,12645.819710025931,9273.625,24,20,6,0.1268115942028985,222567,12.0,17,4.826301270943615,384,7,2,2,1,3,0.2046275732627276
MQTTEEB-D,GaussianNB,2.141701568768407,14.83599835004284,12645.819710025931,9273.625,24,20,6,0.1268115942028985,222567,12.0,17,4.826301270943615,294,1,1,2,3,1,0.1131180349242593
MQTTEEB-D,KNN,2.141701568768407,14.83599835004284,12645.819710025931,9273.625,24,20,6,0.1268115942028985,222567,12.0,17,4.826301270943615,264,4,1,1,2,1,0.883143214073176
MQTTEEB-D,LDA,2.141701568768407,14.83599835004284,12645.819710025931,9273.625,24,20,6,0.1268115942028985,222567,12.0,17,4.826301270943615,444,2,1,1,4,1,0.0842193094715748
MQTTEEB-D,LR,2.141701568768407,14.83599835004284,12645.819710025931,9273.625,24,20,6,0.1268115942028985,222567,12.0,17,4.826301270943615,150,3,1,2,1,2,0.1116998608694914
MQTTEEB-D,LightGBM_ExtraTrees,2.141701568768407,14.83599835004284,12645.819710025931,9273.625,24,20,6,0.1268115942028985,222567,12.0,17,4.826301270943615,25300,9,5,2,1,2,0.4302524253403413
MQTTEEB-D,LightGBM_RF,2.141701568768407,14.83599835004284,12645.819710025931,9273.625,24,20,6,0.1268115942028985,222567,12.0,17,4.826301270943615,75900,9,4,2,1,2,0.8723646766556503
MQTTEEB-D,LinearSVC,2.141701568768407,14.83599835004284,12645.819710025931,9273.625,24,20,6,0.1268115942028985,222567,12.0,17,4.826301270943615,150,3,1,4,1,2,0.0
MQTTEEB-D,MLP,2.141701568768407,14.83599835004284,12645.819710025931,9273.625,24,20,6,0.1268115942028985,222567,12.0,17,4.826301270943615,100,6,2,2,1,3,0.0
MQTTEEB-D,PassiveAggressive,2.141701568768407,14.83599835004284,12645.819710025931,9273.625,24,20,6,0.1268115942028985,222567,12.0,17,4.826301270943615,150,3,2,4,1,4,0.024828694298335
MQTTEEB-D,Perceptron,2.141701568768407,14.83599835004284,12645.819710025931,9273.625,24,20,6,0.1268115942028985,222567,12.0,17,4.826301270943615,150,3,2,5,1,4,9.984804048543068e-6
MQTTEEB-D,QDA,2.141701568768407,14.83599835004284,12645.819710025931,9273.625,24,20,6,0.1268115942028985,222567,12.0,17,4.826301270943615,1944,2,1,1,5,1,0.2641390452930099
MQTTEEB-D,Ridge,2.141701568768407,14.83599835004284,12645.819710025931,9273.625,24,20,6,0.1268115942028985,222567,12.0,17,4.826301270943615,150,3,1,1,1,1,0.3804888018580776
MQTTEEB-D,SGD,2.141701568768407,14.83599835004284,12645.819710025931,9273.625,24,20,6,0.1268115942028985,222567,12.0,17,4.826301270943615,150,3,2,4,1,3,0.000010122073650618736
MQTTEEB-D,TabICL,2.141701568768407,14.83599835004284,12645.819710025931,9273.625,24,20,6,0.1268115942028985,222567,12.0,17,4.826301270943615,27552258,10,2,2,1,5,0.8901160193843605
MQTTEEB-D,TabNet,2.141701568768407,14.83599835004284,12645.819710025931,9273.625,24,20,6,0.1268115942028985,222567,12.0,17,4.826301270943615,96,7,2,2,1,3,0.4686805674271453
MQTTEEB-D,TabPFN,2.141701568768407,14.83599835004284,12645.819710025931,9273.625,24,20,6,0.1268115942028985,222567,12.0,17,4.826301270943615,53153144,10,2,2,1,5,0.8959291304043719
MQTTEEB-D,TabTransformer,2.141701568768407,14.83599835004284,12645.819710025931,9273.625,24,20,6,0.1268115942028985,222567,12.0,17,4.826301270943615,144,7,2,2,1,3,0.0
MQTTEEB-D,XGBoost,2.141701568768407,14.83599835004284,12645.819710025931,9273.625,24,20,6,0.1268115942028985,222567,12.0,17,4.826301270943615,38100,9,4,2,1,2,0.8891072545753322
NSL-KDD,AdaBoost,0.998977475277515,6.491655280828555,64781.95467362706,2912.098039215686,51,18,2,0.0541176470588235,148517,3.0,38,6.388050935516016,300,9,3,3,1,2,0.932598341377044
NSL-KDD,Bagging,0.998977475277515,6.491655280828555,64781.95467362706,2912.098039215686,51,18,2,0.0541176470588235,148517,3.0,38,6.388050935516016,14851650,8,3,1,1,2,0.9914366996395992
NSL-KDD,BernoulliNB,0.998977475277515,6.491655280828555,64781.95467362706,2912.098039215686,51,18,2,0.0541176470588235,148517,3.0,38,6.388050935516016,104,1,1,2,3,1,0.7411323304741574
NSL-KDD,DNN,0.998977475277515,6.491655280828555,64781.95467362706,2912.098039215686,51,18,2,0.0541176470588235,148517,3.0,38,6.388050935516016,48,6,2,2,1,3,0.9299507932693444
NSL-KDD,DT,0.998977475277515,6.491655280828555,64781.95467362706,2912.098039215686,51,18,2,0.0541176470588235,148517,3.0,38,6.388050935516016,297033,5,1,1,1,2,0.9886180920139968
NSL-KDD,ExtraTree,0.998977475277515,6.491655280828555,64781.95467362706,2912.098039215686,51,18,2,0.0541176470588235,148517,3.0,38,6.388050935516016,297033,5,5,1,1,2,0.9854101851194058
NSL-KDD,FT-Transformer,0.998977475277515,6.491655280828555,64781.95467362706,2912.098039215686,51,18,2,0.0541176470588235,148517,3.0,38,6.388050935516016,384,7,2,2,1,3,0.988416426205926
NSL-KDD,GaussianNB,0.998977475277515,6.491655280828555,64781.95467362706,2912.098039215686,51,18,2,0.0541176470588235,148517,3.0,38,6.388050935516016,206,1,1,2,3,1,0.0280103990494727
NSL-KDD,KNN,0.998977475277515,6.491655280828555,64781.95467362706,2912.098039215686,51,18,2,0.0541176470588235,148517,3.0,38,6.388050935516016,153,4,1,1,2,1,0.98439916192613
NSL-KDD,LDA,0.998977475277515,6.491655280828555,64781.95467362706,2912.098039215686,51,18,2,0.0541176470588235,148517,3.0,38,6.388050935516016,1428,2,1,1,4,1,0.8600943644161633
NSL-KDD,LR,0.998977475277515,6.491655280828555,64781.95467362706,2912.098039215686,51,18,2,0.0541176470588235,148517,3.0,38,6.388050935516016,104,3,1,2,1,2,0.6894571907128075
NSL-KDD,LightGBM_ExtraTrees,0.998977475277515,6.491655280828555,64781.95467362706,2912.098039215686,51,18,2,0.0541176470588235,148517,3.0,38,6.388050935516016,25300,9,5,2,1,2,0.9796804592740244
NSL-KDD,LightGBM_RF,0.998977475277515,6.491655280828555,64781.95467362706,2912.098039215686,51,18,2,0.0541176470588235,148517,3.0,38,6.388050935516016,75900,9,4,2,1,2,0.9861236322054544
NSL-KDD,LinearSVC,0.998977475277515,6.491655280828555,64781.95467362706,2912.098039215686,51,18,2,0.0541176470588235,148517,3.0,38,6.388050935516016,104,3,1,4,1,2,0.7096130390475422
NSL-KDD,MLP,0.998977475277515,6.491655280828555,64781.95467362706,2912.098039215686,51,18,2,0.0541176470588235,148517,3.0,38,6.388050935516016,50,6,2,2,1,3,0.9167586283111556
NSL-KDD,PassiveAggressive,0.998977475277515,6.491655280828555,64781.95467362706,2912.098039215686,51,18,2,0.0541176470588235,148517,3.0,38,6.388050935516016,104,3,2,4,1,4,0.7877856784469817
NSL-KDD,Perceptron,0.998977475277515,6.491655280828555,64781.95467362706,2912.098039215686,51,18,2,0.0541176470588235,148517,3.0,38,6.388050935516016,104,3,2,5,1,4,0.6847251663892989
NSL-KDD,QDA,0.998977475277515,6.491655280828555,64781.95467362706,2912.098039215686,51,18,2,0.0541176470588235,148517,3.0,38,6.388050935516016,2754,2,1,1,5,1,0.846044532561998
NSL-KDD,Ridge,0.998977475277515,6.491655280828555,64781.95467362706,2912.098039215686,51,18,2,0.0541176470588235,148517,3.0,38,6.388050935516016,104,3,1,1,1,1,0.8650414421300557
NSL-KDD,SGD,0.998977475277515,6.491655280828555,64781.95467362706,2912.098039215686,51,18,2,0.0541176470588235,148517,3.0,38,6.388050935516016,104,3,2,4,1,3,-0.2898210614582299
NSL-KDD,TabICL,0.998977475277515,6.491655280828555,64781.95467362706,2912.098039215686,51,18,2,0.0541176470588235,148517,3.0,38,6.388050935516016,27552258,10,2,2,1,5,0.9872577913955084
NSL-KDD,TabNet,0.998977475277515,6.491655280828555,64781.95467362706,2912.098039215686,51,18,2,0.0541176470588235,148517,3.0,38,6.388050935516016,72,7,2,2,1,3,0.974795163715159
NSL-KDD,TabPFN,0.998977475277515,6.491655280828555,64781.95467362706,2912.098039215686,51,18,2,0.0541176470588235,148517,3.0,38,6.388050935516016,53153144,10,2,2,1,5,0.9870858398314968
NSL-KDD,TabTransformer,0.998977475277515,6.491655280828555,64781.95467362706,2912.098039215686,51,18,2,0.0541176470588235,148517,3.0,38,6.388050935516016,612,7,2,2,1,3,0.9637203082662698
NSL-KDD,XGBoost,0.998977475277515,6.491655280828555,64781.95467362706,2912.098039215686,51,18,2,0.0541176470588235,148517,3.0,38,6.388050935516016,38100,9,4,2,1,2,0.992893198957746
NSR,AdaBoost,1.4651617167614372,3.992999415753717,40.43404533892694,1973.9375,16,12,3,0.0416666666666666,31583,0.0,7,2.558803738484852,300,9,3,3,1,2,1.0
NSR,Bagging,1.4651617167614372,3.992999415753717,40.43404533892694,1973.9375,16,12,3,0.0416666666666666,31583,0.0,7,2.558803738484852,3158250,8,3,1,1,2,1.0
NSR,BernoulliNB,1.4651617167614372,3.992999415753717,40.43404533892694,1973.9375,16,12,3,0.0416666666666666,31583,0.0,7,2.558803738484852,51,1,1,2,3,1,1.0
NSR,DNN,1.4651617167614372,3.992999415753717,40.43404533892694,1973.9375,16,12,3,0.0416666666666666,31583,0.0,7,2.558803738484852,56,6,2,2,1,3,1.0
NSR,DT,1.4651617167614372,3.992999415753717,40.43404533892694,1973.9375,16,12,3,0.0416666666666666,31583,0.0,7,2.558803738484852,63165,5,1,1,1,2,1.0
NSR,ExtraTree,1.4651617167614372,3.992999415753717,40.43404533892694,1973.9375,16,12,3,0.0416666666666666,31583,0.0,7,2.558803738484852,63165,5,5,1,1,2,1.0
NSR,FT-Transformer,1.4651617167614372,3.992999415753717,40.43404533892694,1973.9375,16,12,3,0.0416666666666666,31583,0.0,7,2.558803738484852,384,7,2,2,1,3,1.0
NSR,GaussianNB,1.4651617167614372,3.992999415753717,40.43404533892694,1973.9375,16,12,3,0.0416666666666666,31583,0.0,7,2.558803738484852,99,1,1,2,3,1,1.0
NSR,KNN,1.4651617167614372,3.992999415753717,40.43404533892694,1973.9375,16,12,3,0.0416666666666666,31583,0.0,7,2.558803738484852,176,4,1,1,2,1,1.0
NSR,LDA,1.4651617167614372,3.992999415753717,40.43404533892694,1973.9375,16,12,3,0.0416666666666666,31583,0.0,7,2.558803738484852,184,2,1,1,4,1,0.7186506212450262
NSR,LR,1.4651617167614372,3.992999415753717,40.43404533892694,1973.9375,16,12,3,0.0416666666666666,31583,0.0,7,2.558803738484852,51,3,1,2,1,2,1.0
NSR,LightGBM_ExtraTrees,1.4651617167614372,3.992999415753717,40.43404533892694,1973.9375,16,12,3,0.0416666666666666,31583,0.0,7,2.558803738484852,12500,9,5,2,1,2,1.0
NSR,LightGBM_RF,1.4651617167614372,3.992999415753717,40.43404533892694,1973.9375,16,12,3,0.0416666666666666,31583,0.0,7,2.558803738484852,12500,9,4,2,1,2,1.0
NSR,LinearSVC,1.4651617167614372,3.992999415753717,40.43404533892694,1973.9375,16,12,3,0.0416666666666666,31583,0.0,7,2.558803738484852,51,3,1,4,1,2,1.0
NSR,MLP,1.4651617167614372,3.992999415753717,40.43404533892694,1973.9375,16,12,3,0.0416666666666666,31583,0.0,7,2.558803738484852,100,6,2,2,1,3,1.0
NSR,PassiveAggressive,1.4651617167614372,3.992999415753717,40.43404533892694,1973.9375,16,12,3,0.0416666666666666,31583,0.0,7,2.558803738484852,51,3,2,4,1,4,1.0
NSR,Perceptron,1.4651617167614372,3.992999415753717,40.43404533892694,1973.9375,16,12,3,0.0416666666666666,31583,0.0,7,2.558803738484852,51,3,2,5,1,4,1.0
NSR,QDA,1.4651617167614372,3.992999415753717,40.43404533892694,1973.9375,16,12,3,0.0416666666666666,31583,0.0,7,2.558803738484852,456,2,1,1,5,1,1.0
NSR,Ridge,1.4651617167614372,3.992999415753717,40.43404533892694,1973.9375,16,12,3,0.0416666666666666,31583,0.0,7,2.558803738484852,51,3,1,1,1,1,1.0
NSR,SGD,1.4651617167614372,3.992999415753717,40.43404533892694,1973.9375,16,12,3,0.0416666666666666,31583,0.0,7,2.558803738484852,51,3,2,4,1,3,0.9997394365746908
NSR,TabICL,1.4651617167614372,3.992999415753717,40.43404533892694,1973.9375,16,12,3,0.0416666666666666,31583,0.0,7,2.558803738484852,27552258,10,2,2,1,5,1.0
NSR,TabNet,1.4651617167614372,3.992999415753717,40.43404533892694,1973.9375,16,12,3,0.0416666666666666,31583,0.0,7,2.558803738484852,72,7,2,2,1,3,0.9994789900119287
NSR,TabPFN,1.4651617167614372,3.992999415753717,40.43404533892694,1973.9375,16,12,3,0.0416666666666666,31583,0.0,7,2.558803738484852,53153144,10,2,2,1,5,1.0
NSR,TabTransformer,1.4651617167614372,3.992999415753717,40.43404533892694,1973.9375,16,12,3,0.0416666666666666,31583,0.0,7,2.558803738484852,96,7,2,2,1,3,1.0
NSR,XGBoost,1.4651617167614372,3.992999415753717,40.43404533892694,1973.9375,16,12,3,0.0416666666666666,31583,0.0,7,2.558803738484852,12700,9,4,2,1,2,1.0
QoS-QoE,AdaBoost,0.8946485695732048,6.9820002456060255,77423006.19616407,1410.795918367347,49,3,3,0.1743197278911564,69129,1.0,35,33.00362226514202,300,9,3,3,1,2,1.0
QoS-QoE,Bagging,0.8946485695732048,6.9820002456060255,77423006.19616407,1410.795918367347,49,3,3,0.1743197278911564,69129,1.0,35,33.00362226514202,6912850,8,3,1,1,2,1.0
QoS-QoE,BernoulliNB,0.8946485695732048,6.9820002456060255,77423006.19616407,1410.795918367347,49,3,3,0.1743197278911564,69129,1.0,35,33.00362226514202,150,1,1,2,3,1,0.970802697902191
QoS-QoE,DNN,0.8946485695732048,6.9820002456060255,77423006.19616407,1410.795918367347,49,3,3,0.1743197278911564,69129,1.0,35,33.00362226514202,48,6,2,2,1,3,0.001511211399933
QoS-QoE,DT,0.8946485695732048,6.9820002456060255,77423006.19616407,1410.795918367347,49,3,3,0.1743197278911564,69129,1.0,35,33.00362226514202,138257,5,1,1,1,2,1.0
QoS-QoE,ExtraTree,0.8946485695732048,6.9820002456060255,77423006.19616407,1410.795918367347,49,3,3,0.1743197278911564,69129,1.0,35,33.00362226514202,138257,5,5,1,1,2,0.99951843917566
QoS-QoE,FT-Transformer,0.8946485695732048,6.9820002456060255,77423006.19616407,1410.795918367347,49,3,3,0.1743197278911564,69129,1.0,35,33.00362226514202,384,7,2,2,1,3,0.4856383051910378
QoS-QoE,GaussianNB,0.8946485695732048,6.9820002456060255,77423006.19616407,1410.795918367347,49,3,3,0.1743197278911564,69129,1.0,35,33.00362226514202,297,1,1,2,3,1,0.2741937627890861
QoS-QoE,KNN,0.8946485695732048,6.9820002456060255,77423006.19616407,1410.795918367347,49,3,3,0.1743197278911564,69129,1.0,35,33.00362226514202,539,4,1,1,2,1,0.5214210717843054
QoS-QoE,LDA,0.8946485695732048,6.9820002456060255,77423006.19616407,1410.795918367347,49,3,3,0.1743197278911564,69129,1.0,35,33.00362226514202,1372,2,1,1,4,1,0.8154496603529543
QoS-QoE,LR,0.8946485695732048,6.9820002456060255,77423006.19616407,1410.795918367347,49,3,3,0.1743197278911564,69129,1.0,35,33.00362226514202,150,3,1,2,1,2,0.1816397617282432
QoS-QoE,LightGBM_ExtraTrees,0.8946485695732048,6.9820002456060255,77423006.19616407,1410.795918367347,49,3,3,0.1743197278911564,69129,1.0,35,33.00362226514202,37500,9,5,2,1,2,0.954193554228838
QoS-QoE,LightGBM_RF,0.8946485695732048,6.9820002456060255,77423006.19616407,1410.795918367347,49,3,3,0.1743197278911564,69129,1.0,35,33.00362226514202,12500,9,4,2,1,2,1.0
QoS-QoE,LinearSVC,0.8946485695732048,6.9820002456060255,77423006.19616407,1410.795918367347,49,3,3,0.1743197278911564,69129,1.0,35,33.00362226514202,150,3,1,4,1,2,0.7244299055713502
QoS-QoE,MLP,0.8946485695732048,6.9820002456060255,77423006.19616407,1410.795918367347,49,3,3,0.1743197278911564,69129,1.0,35,33.00362226514202,50,6,2,2,1,3,0.00001373421863767835
QoS-QoE,PassiveAggressive,0.8946485695732048,6.9820002456060255,77423006.19616407,1410.795918367347,49,3,3,0.1743197278911564,69129,1.0,35,33.00362226514202,150,3,2,4,1,4,0.0838607705155952
QoS-QoE,Perceptron,0.8946485695732048,6.9820002456060255,77423006.19616407,1410.795918367347,49,3,3,0.1743197278911564,69129,1.0,35,33.00362226514202,150,3,2,5,1,4,0.0844822937779453
QoS-QoE,QDA,0.8946485695732048,6.9820002456060255,77423006.19616407,1410.795918367347,49,3,3,0.1743197278911564,69129,1.0,35,33.00362226514202,3822,2,1,1,5,1,0.9228975679519204
QoS-QoE,Ridge,0.8946485695732048,6.9820002456060255,77423006.19616407,1410.795918367347,49,3,3,0.1743197278911564,69129,1.0,35,33.00362226514202,150,3,1,1,1,1,0.852308493286995
QoS-QoE,SGD,0.8946485695732048,6.9820002456060255,77423006.19616407,1410.795918367347,49,3,3,0.1743197278911564,69129,1.0,35,33.00362226514202,150,3,2,4,1,3,0.1859286803343349
QoS-QoE,TabICL,0.8946485695732048,6.9820002456060255,77423006.19616407,1410.795918367347,49,3,3,0.1743197278911564,69129,1.0,35,33.00362226514202,27552258,10,2,2,1,5,0.9994813965346931
QoS-QoE,TabNet,0.8946485695732048,6.9820002456060255,77423006.19616407,1410.795918367347,49,3,3,0.1743197278911564,69129,1.0,35,33.00362226514202,96,7,2,2,1,3,0.9983332238829784
QoS-QoE,TabPFN,0.8946485695732048,6.9820002456060255,77423006.19616407,1410.795918367347,49,3,3,0.1743197278911564,69129,1.0,35,33.00362226514202,53153144,10,2,2,1,5,0.9945908535025512
QoS-QoE,TabTransformer,0.8946485695732048,6.9820002456060255,77423006.19616407,1410.795918367347,49,3,3,0.1743197278911564,69129,1.0,35,33.00362226514202,588,7,2,2,1,3,0.1692208446875179
QoS-QoE,XGBoost,0.8946485695732048,6.9820002456060255,77423006.19616407,1410.795918367347,49,3,3,0.1743197278911564,69129,1.0,35,33.00362226514202,12700,9,4,2,1,2,1.0
RT-IoT2022,AdaBoost,1.3917275611697617,2.4980694450129617,53382271.56287374,1383.3370786516855,89,9,12,0.0786516853932584,123117,2.0,83,1.212397759003068,300,9,3,3,1,2,0.926274408430272
RT-IoT2022,Bagging,1.3917275611697617,2.4980694450129617,53382271.56287374,1383.3370786516855,89,9,12,0.0786516853932584,123117,2.0,83,1.212397759003068,12311650,8,3,1,1,2,0.995718053427918
RT-IoT2022,BernoulliNB,1.3917275611697617,2.4980694450129617,53382271.56287374,1383.3370786516855,89,9,12,0.0786516853932584,123117,2.0,83,1.212397759003068,1080,1,1,2,3,1,0.6979941221353387
RT-IoT2022,DNN,1.3917275611697617,2.4980694450129617,53382271.56287374,1383.3370786516855,89,9,12,0.0786516853932584,123117,2.0,83,1.212397759003068,48,6,2,2,1,3,0.2115109546469379
RT-IoT2022,DT,1.3917275611697617,2.4980694450129617,53382271.56287374,1383.3370786516855,89,9,12,0.0786516853932584,123117,2.0,83,1.212397759003068,246233,5,1,1,1,2,0.9944744944389124
RT-IoT2022,ExtraTree,1.3917275611697617,2.4980694450129617,53382271.56287374,1383.3370786516855,89,9,12,0.0786516853932584,123117,2.0,83,1.212397759003068,246233,5,5,1,1,2,0.9946988798175588
RT-IoT2022,FT-Transformer,1.3917275611697617,2.4980694450129617,53382271.56287374,1383.3370786516855,89,9,12,0.0786516853932584,123117,2.0,83,1.212397759003068,384,7,2,2,1,3,0.930053640060905
RT-IoT2022,GaussianNB,1.3917275611697617,2.4980694450129617,53382271.56287374,1383.3370786516855,89,9,12,0.0786516853932584,123117,2.0,83,1.212397759003068,2148,1,1,2,3,1,0.5095426703825702
RT-IoT2022,KNN,1.3917275611697617,2.4980694450129617,53382271.56287374,1383.3370786516855,89,9,12,0.0786516853932584,123117,2.0,83,1.212397759003068,267,4,1,1,2,1,0.9814468302231116
RT-IoT2022,LDA,1.3917275611697617,2.4980694450129617,53382271.56287374,1383.3370786516855,89,9,12,0.0786516853932584,123117,2.0,83,1.212397759003068,5073,2,1,1,4,1,0.8126485018874889
RT-IoT2022,LR,1.3917275611697617,2.4980694450129617,53382271.56287374,1383.3370786516855,89,9,12,0.0786516853932584,123117,2.0,83,1.212397759003068,1080,3,1,2,1,2,0.5910318586289899
RT-IoT2022,LightGBM_ExtraTrees,1.3917275611697617,2.4980694450129617,53382271.56287374,1383.3370786516855,89,9,12,0.0786516853932584,123117,2.0,83,1.212397759003068,12500,9,5,2,1,2,0.9774791751344712
RT-IoT2022,LightGBM_RF,1.3917275611697617,2.4980694450129617,53382271.56287374,1383.3370786516855,89,9,12,0.0786516853932584,123117,2.0,83,1.212397759003068,75900,9,4,2,1,2,0.989769739640504
RT-IoT2022,LinearSVC,1.3917275611697617,2.4980694450129617,53382271.56287374,1383.3370786516855,89,9,12,0.0786516853932584,123117,2.0,83,1.212397759003068,1080,3,1,4,1,2,0.6284392197610295
RT-IoT2022,MLP,1.3917275611697617,2.4980694450129617,53382271.56287374,1383.3370786516855,89,9,12,0.0786516853932584,123117,2.0,83,1.212397759003068,100,6,2,2,1,3,0.0822452905443864
RT-IoT2022,PassiveAggressive,1.3917275611697617,2.4980694450129617,53382271.56287374,1383.3370786516855,89,9,12,0.0786516853932584,123117,2.0,83,1.212397759003068,1080,3,2,4,1,4,0.7912984841586438
RT-IoT2022,Perceptron,1.3917275611697617,2.4980694450129617,53382271.56287374,1383.3370786516855,89,9,12,0.0786516853932584,123117,2.0,83,1.212397759003068,1080,3,2,5,1,4,0.5837208546588067
RT-IoT2022,QDA,1.3917275611697617,2.4980694450129617,53382271.56287374,1383.3370786516855,89,9,12,0.0786516853932584,123117,2.0,83,1.212397759003068,49128,2,1,1,5,1,0.471675818926719
RT-IoT2022,Ridge,1.3917275611697617,2.4980694450129617,53382271.56287374,1383.3370786516855,89,9,12,0.0786516853932584,123117,2.0,83,1.212397759003068,1080,3,1,1,1,1,0.935137176004057
RT-IoT2022,SGD,1.3917275611697617,2.4980694450129617,53382271.56287374,1383.3370786516855,89,9,12,0.0786516853932584,123117,2.0,83,1.212397759003068,1080,3,2,4,1,3,0.6284404953284201
RT-IoT2022,TabICL,1.3917275611697617,2.4980694450129617,53382271.56287374,1383.3370786516855,89,9,12,0.0786516853932584,123117,2.0,83,1.212397759003068,27552258,10,2,2,1,5,0.9896643000433568
RT-IoT2022,TabNet,1.3917275611697617,2.4980694450129617,53382271.56287374,1383.3370786516855,89,9,12,0.0786516853932584,123117,2.0,83,1.212397759003068,96,7,2,2,1,3,0.9762747855446424
RT-IoT2022,TabPFN,1.3917275611697617,2.4980694450129617,53382271.56287374,1383.3370786516855,89,9,12,0.0786516853932584,123117,2.0,83,1.212397759003068,53153144,10,2,2,1,5,0.9891544290590524
RT-IoT2022,TabTransformer,1.3917275611697617,2.4980694450129617,53382271.56287374,1383.3370786516855,89,9,12,0.0786516853932584,123117,2.0,83,1.212397759003068,1068,7,2,2,1,3,0.9481983376535404
RT-IoT2022,XGBoost,1.3917275611697617,2.4980694450129617,53382271.56287374,1383.3370786516855,89,9,12,0.0786516853932584,123117,2.0,83,1.212397759003068,614100,9,4,2,1,2,0.9960445427019036
Social Network Ads,AdaBoost,0.940588414019384,3.167499702596297,25727.98378440026,200.0,2,0,2,0.0,400,0.0,0,8.440714866762034,300,9,3,3,1,2,0.7744416227828597
Social Network Ads,Bagging,0.940588414019384,3.167499702596297,25727.98378440026,200.0,2,0,2,0.0,400,0.0,0,8.440714866762034,39950,8,3,1,1,2,0.7690523406931087
Social Network Ads,BernoulliNB,0.940588414019384,3.167499702596297,25727.98378440026,200.0,2,0,2,0.0,400,0.0,0,8.440714866762034,6,1,1,2,3,1,0.0
Social Network Ads,DT,0.940588414019384,3.167499702596297,25727.98378440026,200.0,2,0,2,0.0,400,0.0,0,8.440714866762034,799,5,1,1,1,2,0.7120296373445573
Social Network Ads,ExtraTree,0.940588414019384,3.167499702596297,25727.98378440026,200.0,2,0,2,0.0,400,0.0,0,8.440714866762034,799,5,5,1,1,2,0.7161766487190995
Social Network Ads,GaussianNB,0.940588414019384,3.167499702596297,25727.98378440026,200.0,2,0,2,0.0,400,0.0,0,8.440714866762034,10,1,1,2,3,1,0.7357923766031883
Social Network Ads,KNN,0.940588414019384,3.167499702596297,25727.98378440026,200.0,2,0,2,0.0,400,0.0,0,8.440714866762034,10,4,1,1,2,1,0.6142233684785466
Social Network Ads,LDA,0.940588414019384,3.167499702596297,25727.98378440026,200.0,2,0,2,0.0,400,0.0,0,8.440714866762034,7,2,1,1,4,1,0.667087879162388
Social Network Ads,LR,0.940588414019384,3.167499702596297,25727.98378440026,200.0,2,0,2,0.0,400,0.0,0,8.440714866762034,6,3,1,2,1,2,0.6777436962883433
Social Network Ads,LightGBM_ExtraTrees,0.940588414019384,3.167499702596297,25727.98378440026,200.0,2,0,2,0.0,400,0.0,0,8.440714866762034,25300,9,5,2,1,2,0.8259509050940234
Social Network Ads,LightGBM_RF,0.940588414019384,3.167499702596297,25727.98378440026,200.0,2,0,2,0.0,400,0.0,0,8.440714866762034,18300,9,4,2,1,2,0.8131083189238553
Social Network Ads,LinearSVC,0.940588414019384,3.167499702596297,25727.98378440026,200.0,2,0,2,0.0,400,0.0,0,8.440714866762034,6,3,1,4,1,2,0.0
Social Network Ads,PassiveAggressive,0.940588414019384,3.167499702596297,25727.98378440026,200.0,2,0,2,0.0,400,0.0,0,8.440714866762034,6,3,2,4,1,4,0.0052163343395205
Social Network Ads,Perceptron,0.940588414019384,3.167499702596297,25727.98378440026,200.0,2,0,2,0.0,400,0.0,0,8.440714866762034,6,3,2,5,1,4,0.0085182383063888
Social Network Ads,QDA,0.940588414019384,3.167499702596297,25727.98378440026,200.0,2,0,2,0.0,400,0.0,0,8.440714866762034,10,2,1,1,5,1,0.7896820107311463
Social Network Ads,Ridge,0.940588414019384,3.167499702596297,25727.98378440026,200.0,2,0,2,0.0,400,0.0,0,8.440714866762034,6,3,1,1,1,1,0.6929997575029098
Social Network Ads,SGD,0.940588414019384,3.167499702596297,25727.98378440026,200.0,2,0,2,0.0,400,0.0,0,8.440714866762034,6,3,2,4,1,3,0.0085182383063888
UAVIDS-2025,AdaBoost,2.31413732457578,5.057254954872176,140378.79317439356,4212.793103448276,29,12,5,0.0541871921182266,122171,9.0,27,5.510876682324816,150,9,3,3,1,2,0.6350019876407236
UAVIDS-2025,Bagging,2.31413732457578,5.057254954872176,140378.79317439356,4212.793103448276,29,12,5,0.0541871921182266,122171,9.0,27,5.510876682324816,12217050,8,3,1,1,2,0.9388609947752904
UAVIDS-2025,BernoulliNB,2.31413732457578,5.057254954872176,140378.79317439356,4212.793103448276,29,12,5,0.0541871921182266,122171,9.0,27,5.510876682324816,150,1,1,2,3,1,0.3110079337648888
UAVIDS-2025,DNN,2.31413732457578,5.057254954872176,140378.79317439356,4212.793103448276,29,12,5,0.0541871921182266,122171,9.0,27,5.510876682324816,48,6,2,2,1,3,0.8404612116231738
UAVIDS-2025,DT,2.31413732457578,5.057254954872176,140378.79317439356,4212.793103448276,29,12,5,0.0541871921182266,122171,9.0,27,5.510876682324816,244341,5,1,1,1,2,0.9315966860622532
UAVIDS-2025,ExtraTree,2.31413732457578,5.057254954872176,140378.79317439356,4212.793103448276,29,12,5,0.0541871921182266,122171,9.0,27,5.510876682324816,244341,5,5,1,1,2,0.9336150813275808
UAVIDS-2025,FT-Transformer,2.31413732457578,5.057254954872176,140378.79317439356,4212.793103448276,29,12,5,0.0541871921182266,122171,9.0,27,5.510876682324816,384,7,2,2,1,3,0.9288623610834116
UAVIDS-2025,GaussianNB,2.31413732457578,5.057254954872176,140378.79317439356,4212.793103448276,29,12,5,0.0541871921182266,122171,9.0,27,5.510876682324816,295,1,1,2,3,1,0.361973912345029
UAVIDS-2025,KNN,2.31413732457578,5.057254954872176,140378.79317439356,4212.793103448276,29,12,5,0.0541871921182266,122171,9.0,27,5.510876682324816,145,4,1,1,2,1,0.918186355845334
UAVIDS-2025,LDA,2.31413732457578,5.057254954872176,140378.79317439356,4212.793103448276,29,12,5,0.0541871921182266,122171,9.0,27,5.510876682324816,580,2,1,1,4,1,0.6905270954838503
UAVIDS-2025,LR,2.31413732457578,5.057254954872176,140378.79317439356,4212.793103448276,29,12,5,0.0541871921182266,122171,9.0,27,5.510876682324816,150,3,1,2,1,2,0.6912943719003876
UAVIDS-2025,LightGBM_ExtraTrees,2.31413732457578,5.057254954872176,140378.79317439356,4212.793103448276,29,12,5,0.0541871921182266,122171,9.0,27,5.510876682324816,25300,9,5,2,1,2,0.8945098293781403
UAVIDS-2025,LightGBM_RF,2.31413732457578,5.057254954872176,140378.79317439356,4212.793103448276,29,12,5,0.0541871921182266,122171,9.0,27,5.510876682324816,25300,9,4,2,1,2,0.9354072864445784
UAVIDS-2025,LinearSVC,2.31413732457578,5.057254954872176,140378.79317439356,4212.793103448276,29,12,5,0.0541871921182266,122171,9.0,27,5.510876682324816,150,3,1,4,1,2,0.7410975639070277
UAVIDS-2025,MLP,2.31413732457578,5.057254954872176,140378.79317439356,4212.793103448276,29,12,5,0.0541871921182266,122171,9.0,27,5.510876682324816,100,6,2,2,1,3,0.6658034358859891
UAVIDS-2025,PassiveAggressive,2.31413732457578,5.057254954872176,140378.79317439356,4212.793103448276,29,12,5,0.0541871921182266,122171,9.0,27,5.510876682324816,150,3,2,4,1,4,0.6144366290927566
UAVIDS-2025,Perceptron,2.31413732457578,5.057254954872176,140378.79317439356,4212.793103448276,29,12,5,0.0541871921182266,122171,9.0,27,5.510876682324816,150,3,2,5,1,4,0.4969882999396855
UAVIDS-2025,QDA,2.31413732457578,5.057254954872176,140378.79317439356,4212.793103448276,29,12,5,0.0541871921182266,122171,9.0,27,5.510876682324816,2320,2,1,1,5,1,0.5833156185045195
UAVIDS-2025,Ridge,2.31413732457578,5.057254954872176,140378.79317439356,4212.793103448276,29,12,5,0.0541871921182266,122171,9.0,27,5.510876682324816,150,3,1,1,1,1,0.6887404722827213
UAVIDS-2025,SGD,2.31413732457578,5.057254954872176,140378.79317439356,4212.793103448276,29,12,5,0.0541871921182266,122171,9.0,27,5.510876682324816,150,3,2,4,1,3,0.6278763282705658
UAVIDS-2025,TabICL,2.31413732457578,5.057254954872176,140378.79317439356,4212.793103448276,29,12,5,0.0541871921182266,122171,9.0,27,5.510876682324816,27552258,10,2,2,1,5,0.9341766191086406
UAVIDS-2025,TabNet,2.31413732457578,5.057254954872176,140378.79317439356,4212.793103448276,29,12,5,0.0541871921182266,122171,9.0,27,5.510876682324816,96,7,2,2,1,3,0.6986106181028391
UAVIDS-2025,TabPFN,2.31413732457578,5.057254954872176,140378.79317439356,4212.793103448276,29,12,5,0.0541871921182266,122171,9.0,27,5.510876682324816,53153144,10,2,2,1,5,0.9339844991232444
UAVIDS-2025,TabTransformer,2.31413732457578,5.057254954872176,140378.79317439356,4212.793103448276,29,12,5,0.0541871921182266,122171,9.0,27,5.510876682324816,348,7,2,2,1,3,0.874787054269522
UAVIDS-2025,XGBoost,2.31413732457578,5.057254954872176,140378.79317439356,4212.793103448276,29,12,5,0.0541871921182266,122171,9.0,27,5.510876682324816,38100,9,4,2,1,2,0.9455426162647316
UNAC,AdaBoost,0.9629335352469284,2.939332304520088,1965716.8132784516,18.52380952380953,21,0,3,0.1857142857142857,389,0.0,20,6.918825044447929,150,9,3,3,1,2,0.9224622988180288
UNAC,Bagging,0.9629335352469284,2.939332304520088,1965716.8132784516,18.52380952380953,21,0,3,0.1857142857142857,389,0.0,20,6.918825044447929,38850,8,3,1,1,2,0.9084816545760044
UNAC,BernoulliNB,0.9629335352469284,2.939332304520088,1965716.8132784516,18.52380952380953,21,0,3,0.1857142857142857,389,0.0,20,6.918825044447929,66,1,1,2,3,1,0.4729228071637661
UNAC,DT,0.9629335352469284,2.939332304520088,1965716.8132784516,18.52380952380953,21,0,3,0.1857142857142857,389,0.0,20,6.918825044447929,777,5,1,1,1,2,0.8637657432886802
UNAC,ExtraTree,0.9629335352469284,2.939332304520088,1965716.8132784516,18.52380952380953,21,0,3,0.1857142857142857,389,0.0,20,6.918825044447929,777,5,5,1,1,2,0.8778856442390968
UNAC,GaussianNB,0.9629335352469284,2.939332304520088,1965716.8132784516,18.52380952380953,21,0,3,0.1857142857142857,389,0.0,20,6.918825044447929,129,1,1,2,3,1,0.6265125588542573
UNAC,KNN,0.9629335352469284,2.939332304520088,1965716.8132784516,18.52380952380953,21,0,3,0.1857142857142857,389,0.0,20,6.918825044447929,147,4,1,1,2,1,0.7039543271404304
UNAC,LDA,0.9629335352469284,2.939332304520088,1965716.8132784516,18.52380952380953,21,0,3,0.1857142857142857,389,0.0,20,6.918825044447929,294,2,1,1,4,1,0.9145598451088728
UNAC,LR,0.9629335352469284,2.939332304520088,1965716.8132784516,18.52380952380953,21,0,3,0.1857142857142857,389,0.0,20,6.918825044447929,66,3,1,2,1,2,0.844247812011654
UNAC,LightGBM_ExtraTrees,0.9629335352469284,2.939332304520088,1965716.8132784516,18.52380952380953,21,0,3,0.1857142857142857,389,0.0,20,6.918825044447929,75900,9,5,2,1,2,0.8517241634984363
UNAC,LightGBM_RF,0.9629335352469284,2.939332304520088,1965716.8132784516,18.52380952380953,21,0,3,0.1857142857142857,389,0.0,20,6.918825044447929,12500,9,4,2,1,2,0.8207171004816811
UNAC,LinearSVC,0.9629335352469284,2.939332304520088,1965716.8132784516,18.52380952380953,21,0,3,0.1857142857142857,389,0.0,20,6.918825044447929,66,3,1,4,1,2,0.8969697136820994
UNAC,PassiveAggressive,0.9629335352469284,2.939332304520088,1965716.8132784516,18.52380952380953,21,0,3,0.1857142857142857,389,0.0,20,6.918825044447929,66,3,2,4,1,4,0.6026862202615609
UNAC,Perceptron,0.9629335352469284,2.939332304520088,1965716.8132784516,18.52380952380953,21,0,3,0.1857142857142857,389,0.0,20,6.918825044447929,66,3,2,5,1,4,0.2970843474706052
UNAC,QDA,0.9629335352469284,2.939332304520088,1965716.8132784516,18.52380952380953,21,0,3,0.1857142857142857,389,0.0,20,6.918825044447929,756,2,1,1,5,1,0.9026885221640883
UNAC,Ridge,0.9629335352469284,2.939332304520088,1965716.8132784516,18.52380952380953,21,0,3,0.1857142857142857,389,0.0,20,6.918825044447929,66,3,1,1,1,1,0.9145598451088728
UNAC,SGD,0.9629335352469284,2.939332304520088,1965716.8132784516,18.52380952380953,21,0,3,0.1857142857142857,389,0.0,20,6.918825044447929,66,3,2,4,1,3,0.4527385373770199
X-IIoTID,AdaBoost,0.9994817596330786,15.010348119721952,829632020624733.6,6363.054263565891,129,95,2,0.0340358527131782,820834,4.0,106,21.59468305728632,300,9,3,3,1,2,0.9709150494443536
X-IIoTID,Bagging,0.9994817596330786,15.010348119721952,829632020624733.6,6363.054263565891,129,95,2,0.0340358527131782,820834,4.0,106,21.59468305728632,82083350,8,3,1,1,2,0.9973008625599312
X-IIoTID,BernoulliNB,0.9994817596330786,15.010348119721952,829632020624733.6,6363.054263565891,129,95,2,0.0340358527131782,820834,4.0,106,21.59468305728632,260,1,1,2,3,1,0.8942114452562644
X-IIoTID,DNN,0.9994817596330786,15.010348119721952,829632020624733.6,6363.054263565891,129,95,2,0.0340358527131782,820834,4.0,106,21.59468305728632,48,6,2,2,1,3,0.7013571830577445
X-IIoTID,DT,0.9994817596330786,15.010348119721952,829632020624733.6,6363.054263565891,129,95,2,0.0340358527131782,820834,4.0,106,21.59468305728632,1641667,5,1,1,1,2,0.996289045184414
X-IIoTID,ExtraTree,0.9994817596330786,15.010348119721952,829632020624733.6,6363.054263565891,129,95,2,0.0340358527131782,820834,4.0,106,21.59468305728632,1641667,5,5,1,1,2,0.9957573613027773
X-IIoTID,FT-Transformer,0.9994817596330786,15.010348119721952,829632020624733.6,6363.054263565891,129,95,2,0.0340358527131782,820834,4.0,106,21.59468305728632,384,7,2,2,1,3,0.9858188167792216
X-IIoTID,GaussianNB,0.9994817596330786,15.010348119721952,829632020624733.6,6363.054263565891,129,95,2,0.0340358527131782,820834,4.0,106,21.59468305728632,518,1,1,2,3,1,0.0
X-IIoTID,KNN,0.9994817596330786,15.010348119721952,829632020624733.6,6363.054263565891,129,95,2,0.0340358527131782,820834,4.0,106,21.59468305728632,1419,4,1,1,2,1,0.9573418296591002
X-IIoTID,LDA,0.9994817596330786,15.010348119721952,829632020624733.6,6363.054263565891,129,95,2,0.0340358527131782,820834,4.0,106,21.59468305728632,8643,2,1,1,4,1,0.0
X-IIoTID,LR,0.9994817596330786,15.010348119721952,829632020624733.6,6363.054263565891,129,95,2,0.0340358527131782,820834,4.0,106,21.59468305728632,260,3,1,2,1,2,0.0
X-IIoTID,LightGBM_ExtraTrees,0.9994817596330786,15.010348119721952,829632020624733.6,6363.054263565891,129,95,2,0.0340358527131782,820834,4.0,106,21.59468305728632,25300,9,5,2,1,2,0.9899494252326958
X-IIoTID,LightGBM_RF,0.9994817596330786,15.010348119721952,829632020624733.6,6363.054263565891,129,95,2,0.0340358527131782,820834,4.0,106,21.59468305728632,75900,9,4,2,1,2,0.9949748582939274
X-IIoTID,LinearSVC,0.9994817596330786,15.010348119721952,829632020624733.6,6363.054263565891,129,95,2,0.0340358527131782,820834,4.0,106,21.59468305728632,260,3,1,4,1,2,0.0
X-IIoTID,MLP,0.9994817596330786,15.010348119721952,829632020624733.6,6363.054263565891,129,95,2,0.0340358527131782,820834,4.0,106,21.59468305728632,50,6,2,2,1,3,0.7415918237012002
X-IIoTID,PassiveAggressive,0.9994817596330786,15.010348119721952,829632020624733.6,6363.054263565891,129,95,2,0.0340358527131782,820834,4.0,106,21.59468305728632,260,3,2,4,1,4,0.2858025883287565
X-IIoTID,Perceptron,0.9994817596330786,15.010348119721952,829632020624733.6,6363.054263565891,129,95,2,0.0340358527131782,820834,4.0,106,21.59468305728632,260,3,2,5,1,4,0.0900668032305721
X-IIoTID,QDA,0.9994817596330786,15.010348119721952,829632020624733.6,6363.054263565891,129,95,2,0.0340358527131782,820834,4.0,106,21.59468305728632,17028,2,1,1,5,1,0.0151198310575346
X-IIoTID,Ridge,0.9994817596330786,15.010348119721952,829632020624733.6,6363.054263565891,129,95,2,0.0340358527131782,820834,4.0,106,21.59468305728632,260,3,1,1,1,1,0.946824026279826
X-IIoTID,SGD,0.9994817596330786,15.010348119721952,829632020624733.6,6363.054263565891,129,95,2,0.0340358527131782,820834,4.0,106,21.59468305728632,260,3,2,4,1,3,0.0630390962405954
X-IIoTID,TabICL,0.9994817596330786,15.010348119721952,829632020624733.6,6363.054263565891,129,95,2,0.0340358527131782,820834,4.0,106,21.59468305728632,27552258,10,2,2,1,5,0.9937891287762404
X-IIoTID,TabNet,0.9994817596330786,15.010348119721952,829632020624733.6,6363.054263565891,129,95,2,0.0340358527131782,820834,4.0,106,21.59468305728632,72,7,2,2,1,3,0.986558635906058
X-IIoTID,TabPFN,0.9994817596330786,15.010348119721952,829632020624733.6,6363.054263565891,129,95,2,0.0340358527131782,820834,4.0,106,21.59468305728632,53153144,10,2,2,1,5,0.9925342166304176
X-IIoTID,TabTransformer,0.9994817596330786,15.010348119721952,829632020624733.6,6363.054263565891,129,95,2,0.0340358527131782,820834,4.0,106,21.59468305728632,1548,7,2,2,1,3,0.8628058194245067
X-IIoTID,XGBoost,0.9994817596330786,15.010348119721952,829632020624733.6,6363.054263565891,129,95,2,0.0340358527131782,820834,4.0,106,21.59468305728632,38100,9,4,2,1,2,0.9978495610585918
